mdd_order,mdd_sciName,elev_min,elev_max,prefs_esa_landcover
AFROSORICIDA,Tenrec_ecaudatus,0,2100,"10, 11, 12, 20, 30, 40, 50, 60, 61, 62, 70, 71, 72, 80, 81, 82, 90, 100, 110, 120, 121, 122, 130, 190"
ARTIODACTYLA,Addax_nasomaculatus,0,8000,"30, 40, 60, 61, 62, 100, 110, 130, 150, 152, 153, 200, 201, 202"
ARTIODACTYLA,Aepyceros_melampus,0,3100,"30, 40, 60, 61, 62, 100, 110, 130"
ARTIODACTYLA,Alcelaphus_buselaphus,NA,NA,NA
ARTIODACTYLA,Alces_alces,0,2600,"10, 11, 12, 20, 30, 40, 50, 60, 61, 62, 70, 71, 72, 80, 81, 82, 90, 100, 110, 180"
ARTIODACTYLA,Ammotragus_lervia,0,4200,"30, 40, 60, 61, 62, 100, 110, 120, 121, 122, 130, 140, 150, 152, 153, 200, 201, 202"
ARTIODACTYLA,Antidorcas_marsupialis,0,2100,"30, 40, 60, 61, 62, 100, 110, 120, 121, 122, 130, 150, 152, 153, 200, 201, 202"
ARTIODACTYLA,Antilocapra_americana,0,8000,"30, 40, 110, 120, 121, 122, 130, 150, 152, 153, 200, 201, 202"
ARTIODACTYLA,Bos_bison,0,8000,"10, 11, 12, 20, 30, 40, 50, 60, 61, 62, 70, 71, 72, 80, 81, 82, 90, 100, 110, 120, 121, 122, 130, 150, 152, 153, 180, 200, 201, 202"
ARTIODACTYLA,Bos_bonasus,0,2200,"10, 11, 12, 20, 30, 40, 50, 60, 61, 62, 70, 71, 72, 80, 81, 82, 90, 100, 110, 120, 121, 122, 130"
ARTIODACTYLA,Blastocerus_dichotomus,0,8000,"30, 40, 60, 61, 62, 100, 110, 120, 121, 122, 130, 180, 210"
ARTIODACTYLA,Boselaphus_tragocamelus,0,8000,"10, 11, 12, 20, 30, 40, 50, 60, 61, 62, 90, 100, 110, 120, 121, 122"
ARTIODACTYLA,Budorcas_taxicolor,1100,3700,"30, 40, 50, 60, 61, 62, 70, 71, 72, 80, 81, 82, 90, 100, 110, 120, 121, 122, 130"
ARTIODACTYLA,Capra_falconeri,500,3700,"30, 40, 50, 60, 61, 62, 70, 71, 72, 80, 81, 82, 90, 100, 110, 120, 121, 122, 140, 200, 201, 202"
ARTIODACTYLA,Capra_ibex,400,3300,"30, 40, 110, 130, 140, 200, 201, 202"
ARTIODACTYLA,Capra_nubiana,0,2700,"30, 40, 110, 120, 121, 122, 140, 150, 152, 153, 200, 201, 202"
ARTIODACTYLA,Capra_pyrenaica,0,3600,"30, 40, 50, 60, 61, 62, 70, 71, 72, 80, 81, 82, 90, 100, 110, 120, 121, 122, 140, 200, 201, 202"
ARTIODACTYLA,Capreolus_capreolus,0,2500,"10, 11, 12, 20, 30, 40, 50, 60, 61, 62, 70, 71, 72, 80, 81, 82, 90, 100, 110, 120, 121, 122, 130, 180, 190"
ARTIODACTYLA,Capricornis_crispus,0,8000,"10, 11, 12, 20, 30, 40, 50, 60, 61, 62, 70, 71, 72, 80, 81, 82, 90, 100, 110, 120, 121, 122, 130"
ARTIODACTYLA,Cephalophus_dorsalis,0,8000,"30, 40, 50, 60, 61, 62, 70, 71, 72, 80, 81, 82, 90, 100, 110, 130"
ARTIODACTYLA,Cervus_elaphus,0,2900,"10, 11, 12, 20, 30, 40, 50, 60, 61, 62, 70, 71, 72, 80, 81, 82, 90, 100, 110, 120, 121, 122, 130, 140, 200, 201, 202"
ARTIODACTYLA,Cervus_nippon,0,3100,"10, 11, 12, 20, 30, 40, 50, 60, 61, 62, 70, 71, 72, 80, 81, 82, 90, 100, 110, 120, 121, 122, 130, 180"
ARTIODACTYLA,Connochaetes_taurinus,0,2200,"30, 40, 60, 61, 62, 100, 110, 130"
ARTIODACTYLA,Dama_dama,-500,8000,"10, 11, 12, 20, 30, 40, 50, 60, 61, 62, 70, 71, 72, 80, 81, 82, 90, 100, 110, 120, 121, 122, 130"
ARTIODACTYLA,Gazella_dorcas,0,8000,"30, 40, 110, 120, 121, 122, 130, 150, 152, 153, 200, 201, 202"
ARTIODACTYLA,Giraffa_camelopardalis,0,8000,"30, 40, 50, 60, 61, 62, 90, 100, 110, 120, 121, 122, 130"
ARTIODACTYLA,Hippopotamus_amphibius,0,2100,"30, 40, 50, 60, 61, 62, 90, 100, 110, 120, 121, 122, 130, 160, 170, 180, 210"
ARTIODACTYLA,Hippotragus_niger,900,1600,"30, 40, 50, 60, 61, 62, 90, 100, 110, 120, 121, 122, 130"
ARTIODACTYLA,Hydropotes_inermis,0,8000,"20, 30, 40, 50, 60, 61, 62, 70, 71, 72, 80, 81, 82, 90, 100, 110, 120, 121, 122, 130, 180"
ARTIODACTYLA,Kobus_ellipsiprymnus,0,3100,"30, 40, 50, 60, 61, 62, 90, 100, 110, 120, 121, 122, 130"
ARTIODACTYLA,Kobus_kob,0,8000,"30, 40, 60, 61, 62, 100, 110, 120, 121, 122, 130, 180"
ARTIODACTYLA,Kobus_leche,0,8000,"30, 40, 50, 60, 61, 62, 90, 100, 110, 160, 180"
ARTIODACTYLA,Mazama_americana,0,8000,"30, 40, 50, 60, 61, 62, 70, 71, 72, 80, 81, 82, 90, 100, 110"
ARTIODACTYLA,Mazama_gouazoubira,0,8000,"10, 11, 12, 20, 30, 40, 50, 60, 61, 62, 90, 100, 110, 120, 121, 122, 130, 210"
ARTIODACTYLA,Muntiacus_reevesi,100,3600,"30, 40, 50, 60, 61, 62, 70, 71, 72, 80, 81, 82, 90, 100, 110, 120, 121, 122, 130"
ARTIODACTYLA,Odocoileus_hemionus,0,4600,"10, 11, 12, 20, 30, 40, 50, 60, 61, 62, 70, 71, 72, 80, 81, 82, 90, 100, 110, 120, 121, 122, 130, 150, 152, 153, 160, 170, 180, 190, 200, 201, 202, 210"
ARTIODACTYLA,Odocoileus_virginianus,0,4600,"10, 11, 12, 20, 30, 40, 50, 60, 61, 62, 70, 71, 72, 80, 81, 82, 90, 100, 110, 120, 121, 122, 130, 150, 152, 153, 160, 170, 180, 190, 200, 201, 202, 210"
ARTIODACTYLA,Oreamnos_americanus,0,2800,"30, 40, 50, 60, 61, 62, 70, 71, 72, 80, 81, 82, 90, 100, 110, 120, 121, 122, 130, 140, 200, 201, 202"
ARTIODACTYLA,Oryx_beisa,0,1800,"30, 40, 60, 61, 62, 100, 110, 120, 121, 122, 130, 150, 152, 153, 200, 201, 202"
ARTIODACTYLA,Oryx_gazella,0,8000,"30, 40, 60, 61, 62, 100, 110, 120, 121, 122, 130, 150, 152, 153, 200, 201, 202"
ARTIODACTYLA,Oryx_leucoryx,0,8000,"150, 152, 153, 200, 201, 202"
ARTIODACTYLA,Ovibos_moschatus,0,8000,"30, 40, 110, 130"
ARTIODACTYLA,Ovis_ammon,0,8000,"30, 40, 50, 60, 61, 62, 70, 71, 72, 80, 81, 82, 90, 100, 110, 120, 121, 122, 130, 140, 150, 152, 153, 200, 201, 202"
ARTIODACTYLA,Ovis_dalli,0,8000,"30, 40, 110, 120, 121, 122, 130, 140, 200, 201, 202"
ARTIODACTYLA,Ozotoceros_bezoarticus,0,8000,"10, 11, 12, 20, 30, 40, 60, 61, 62, 100, 110, 130, 180"
ARTIODACTYLA,Dicotyles_tajacu,0,2100,"10, 11, 12, 20, 30, 40, 50, 60, 61, 62, 70, 71, 72, 80, 81, 82, 90, 100, 110, 120, 121, 122, 130, 150, 152, 153, 160, 170, 180, 200, 201, 202"
ARTIODACTYLA,Phacochoerus_aethiopicus,0,1500,"30, 40, 50, 60, 61, 62, 90, 100, 110, 120, 121, 122, 150, 152, 153, 200, 201, 202"
ARTIODACTYLA,Philantomba_monticola,0,3100,"30, 40, 50, 60, 61, 62, 70, 71, 72, 80, 81, 82, 90, 100, 110"
ARTIODACTYLA,Rangifer_tarandus,2600,3100,"30, 40, 60, 61, 62, 70, 71, 72, 80, 81, 82, 90, 100, 110, 120, 121, 122, 130, 140, 200, 201, 202"
ARTIODACTYLA,Redunca_redunca,0,3300,"30, 40, 60, 61, 62, 100, 110, 130, 180"
ARTIODACTYLA,Rupicapra_pyrenaica,300,2900,"30, 40, 50, 60, 61, 62, 70, 71, 72, 80, 81, 82, 90, 100, 110, 120, 121, 122, 130, 140, 200, 201, 202"
ARTIODACTYLA,Rupicapra_rupicapra,0,3200,"10, 11, 12, 20, 30, 40, 50, 60, 61, 62, 70, 71, 72, 80, 81, 82, 90, 100, 110, 120, 121, 122, 130, 140, 200, 201, 202"
ARTIODACTYLA,Rusa_timorensis,0,1000,"10, 11, 12, 20, 30, 40, 50, 60, 61, 62, 90, 100, 110, 130, 180"
ARTIODACTYLA,Sus_scrofa,0,2800,"10, 11, 12, 20, 30, 40, 50, 60, 61, 62, 70, 71, 72, 80, 81, 82, 90, 100, 110, 120, 121, 122, 130, 150, 152, 153, 160, 170, 180, 200, 201, 202"
ARTIODACTYLA,Syncerus_caffer,-500,8000,"30, 40, 50, 60, 61, 62, 90, 100, 110, 120, 121, 122, 130, 180"
ARTIODACTYLA,Tragelaphus_oryx,-500,8500,NA
ARTIODACTYLA,Tayassu_pecari,0,2000,"30, 40, 50, 60, 61, 62, 70, 71, 72, 80, 81, 82, 90, 100, 110, 120, 121, 122, 130, 160, 170, 180"
ARTIODACTYLA,Tragelaphus_angasii,-500,8500,NA
ARTIODACTYLA,Tragelaphus_scriptus,0,4100,"10, 11, 12, 20, 30, 40, 50, 60, 61, 62, 70, 71, 72, 80, 81, 82, 90, 100, 110, 120, 121, 122, 130, 180"
ARTIODACTYLA,Tragelaphus_strepsiceros,-500,8500,NA
ARTIODACTYLA,Damaliscus_lunatus,0,1600,"30, 40, 60, 61, 62, 100, 110, 120, 121, 122, 130, 180"
ARTIODACTYLA,Hippotragus_equinus,0,8000,"30, 40, 50, 60, 61, 62, 90, 100, 110, 120, 121, 122, 130"
CARNIVORA,Acinonyx_jubatus,0,4100,"30, 40, 60, 61, 62, 100, 110, 120, 121, 122, 130, 150, 152, 153, 200, 201, 202"
CARNIVORA,Ailuropoda_melanoleuca,1100,4200,"30, 40, 50, 60, 61, 62, 70, 71, 72, 80, 81, 82, 90, 100, 110"
CARNIVORA,Ailurus_fulgens,100,4900,"30, 40, 50, 60, 61, 62, 70, 71, 72, 80, 81, 82, 90, 100, 110, 120, 121, 122, 130"
CARNIVORA,Arctictis_binturong,0,2600,"30, 40, 50, 60, 61, 62, 90, 100, 110"
CARNIVORA,Arctocephalus_pusillus,0,8000,210
CARNIVORA,Atilax_paludinosus,0,4000,"180, 210"
CARNIVORA,Bassariscus_astutus,0,3000,"30, 40, 50, 60, 61, 62, 70, 71, 72, 80, 81, 82, 90, 100, 110, 120, 121, 122, 130, 140, 190, 200, 201, 202"
CARNIVORA,Canis_aureus,0,3900,"10, 11, 12, 20, 30, 40, 50, 60, 61, 62, 70, 71, 72, 80, 81, 82, 90, 100, 110, 120, 121, 122, 130, 190"
CARNIVORA,Canis_latrans,0,8000,"10, 11, 12, 20, 30, 40, 50, 60, 61, 62, 70, 71, 72, 80, 81, 82, 90, 100, 110, 120, 121, 122, 130, 150, 152, 153, 180, 190, 200, 201, 202"
CARNIVORA,Canis_lupus,0,8000,"10, 11, 12, 20, 30, 40, 50, 60, 61, 62, 70, 71, 72, 80, 81, 82, 90, 100, 110, 120, 121, 122, 130, 140, 150, 152, 153, 180, 200, 201, 202"
CARNIVORA,Lupulella_mesomelas,NA,NA,NA
CARNIVORA,Canis_simensis,2900,4600,"30, 40, 110, 120, 121, 122, 130, 140, 200, 201, 202"
CARNIVORA,Caracal_caracal,0,3400,"30, 40, 50, 60, 61, 62, 90, 100, 110, 120, 121, 122, 130, 150, 152, 153, 200, 201, 202"
CARNIVORA,Cerdocyon_thous,0,3100,"10, 11, 12, 20, 30, 40, 50, 60, 61, 62, 70, 71, 72, 80, 81, 82, 90, 100, 110, 120, 121, 122, 130, 180"
CARNIVORA,Chrotogale_owstoni,0,8000,"30, 40, 50, 60, 61, 62, 70, 71, 72, 80, 81, 82, 90, 100, 110"
CARNIVORA,Chrysocyon_brachyurus,0,8000,"10, 11, 12, 20, 30, 40, 50, 60, 61, 62, 90, 100, 110, 120, 121, 122, 130, 180"
CARNIVORA,Civettictis_civetta,0,5100,"30, 40, 50, 60, 61, 62, 70, 71, 72, 80, 81, 82, 90, 100, 110, 120, 121, 122, 130"
CARNIVORA,Conepatus_chinga,0,3100,"30, 40, 60, 61, 62, 100, 110, 120, 121, 122, 130"
CARNIVORA,Crocuta_crocuta,600,4200,"30, 40, 50, 60, 61, 62, 90, 100, 110, 130"
CARNIVORA,Crossarchus_obscurus,0,1600,"10, 11, 12, 20, 30, 40, 50, 60, 61, 62, 90, 100, 110, 130"
CARNIVORA,Cryptoprocta_ferox,0,2700,"30, 40, 50, 60, 61, 62, 70, 71, 72, 80, 81, 82, 90, 100, 110"
CARNIVORA,Cynictis_penicillata,0,8000,"30, 40, 60, 61, 62, 100, 110, 120, 121, 122, 130"
CARNIVORA,Cystophora_cristata,0,8000,210
CARNIVORA,Eira_barbara,0,8000,"30, 40, 50, 60, 61, 62, 70, 71, 72, 80, 81, 82, 90, 100, 110, 130"
CARNIVORA,Enhydra_lutris,0,8000,210
CARNIVORA,Erignathus_barbatus,0,8000,210
CARNIVORA,Eumetopias_jubatus,0,8000,210
CARNIVORA,Otocolobus_manul,0,8000,"30, 40, 110, 120, 121, 122, 130, 140, 150, 152, 153, 200, 201, 202"
CARNIVORA,Felis_margarita,0,2100,"150, 152, 153, 200, 201, 202"
CARNIVORA,Felis_nigripes,0,2100,"30, 40, 60, 61, 62, 100, 110, 130, 150, 152, 153, 200, 201, 202"
CARNIVORA,Felis_silvestris,0,3900,"30, 40, 50, 60, 61, 62, 70, 71, 72, 80, 81, 82, 90, 100, 110, 120, 121, 122, 130, 150, 152, 153, 200, 201, 202"
CARNIVORA,Galictis_cuja,0,3600,"10, 11, 12, 20, 30, 40, 50, 60, 61, 62, 70, 71, 72, 80, 81, 82, 90, 100, 110, 130"
CARNIVORA,Genetta_genetta,0,3100,"30, 40, 50, 60, 61, 62, 70, 71, 72, 80, 81, 82, 90, 100, 110, 120, 121, 122, 130"
CARNIVORA,Genetta_servalina,0,4500,"30, 40, 50, 60, 61, 62, 70, 71, 72, 80, 81, 82, 90, 100, 110, 120, 121, 122"
CARNIVORA,Gulo_gulo,0,8000,"30, 40, 60, 61, 62, 70, 71, 72, 80, 81, 82, 90, 100, 110, 120, 121, 122, 130, 140, 200, 201, 202"
CARNIVORA,Halichoerus_grypus,0,8000,210
CARNIVORA,Urva_brachyura,NA,NA,NA
CARNIVORA,Urva_edwardsii,NA,NA,NA
CARNIVORA,Urva_fusca,NA,NA,NA
CARNIVORA,Herpestes_ichneumon,0,3100,"30, 40, 60, 61, 62, 100, 110, 120, 121, 122, 130, 180"
CARNIVORA,Urva_javanica,NA,NA,NA
CARNIVORA,Xenogale_naso,-500,8500,NA
CARNIVORA,Urva_semitorquata,NA,NA,NA
CARNIVORA,Urva_smithii,NA,NA,NA
CARNIVORA,Urva_urva,NA,NA,NA
CARNIVORA,Urva_vitticolla,NA,NA,NA
CARNIVORA,Hyaena_hyaena,0,3400,"30, 40, 50, 60, 61, 62, 70, 71, 72, 80, 81, 82, 90, 100, 110, 120, 121, 122, 130, 210"
CARNIVORA,Leopardus_colocola,NA,NA,NA
CARNIVORA,Leopardus_geoffroyi,0,3400,"30, 40, 50, 60, 61, 62, 90, 100, 110, 120, 121, 122, 130"
CARNIVORA,Leopardus_pardalis,0,3100,"30, 40, 50, 60, 61, 62, 70, 71, 72, 80, 81, 82, 90, 100, 110, 120, 121, 122, 130"
CARNIVORA,Leopardus_tigrinus,0,8000,"30, 40, 50, 60, 61, 62, 70, 71, 72, 80, 81, 82, 90, 100, 110, 120, 121, 122"
CARNIVORA,Leopardus_wiedii,0,3100,"30, 40, 50, 60, 61, 62, 70, 71, 72, 80, 81, 82, 90, 100, 110, 120, 121, 122, 130"
CARNIVORA,Leptailurus_serval,0,3900,"30, 40, 50, 60, 61, 62, 90, 100, 110, 130, 180"
CARNIVORA,Leptonychotes_weddellii,0,8000,210
CARNIVORA,Lobodon_carcinophaga,0,8000,210
CARNIVORA,Lontra_canadensis,0,8000,"180, 210"
CARNIVORA,Lutra_lutra,0,4200,"20, 30, 40, 50, 60, 61, 62, 90, 100, 110, 120, 121, 122, 160, 170, 180, 210"
CARNIVORA,Lycalopex_griseus,NA,NA,NA
CARNIVORA,Lycalopex_gymnocercus,NA,NA,NA
CARNIVORA,Lycalopex_vetulus,NA,NA,NA
CARNIVORA,Lycaon_pictus,-500,8000,"30, 40, 50, 60, 61, 62, 70, 71, 72, 80, 81, 82, 90, 100, 110, 120, 121, 122, 130, 150, 152, 153, 170, 200, 201, 202"
CARNIVORA,Lynx_canadensis,-500,8000,"30, 40, 50, 60, 61, 62, 70, 71, 72, 80, 81, 82, 90, 100, 110, 130"
CARNIVORA,Lynx_lynx,0,8000,"30, 40, 50, 60, 61, 62, 70, 71, 72, 80, 81, 82, 90, 100, 110, 120, 121, 122, 130, 140, 150, 152, 153, 200, 201, 202"
CARNIVORA,Lynx_pardinus,0,8000,"30, 40, 50, 60, 61, 62, 70, 71, 72, 80, 81, 82, 90, 100, 110, 120, 121, 122"
CARNIVORA,Lynx_rufus,3400,3600,"30, 40, 50, 60, 61, 62, 70, 71, 72, 80, 81, 82, 90, 100, 110, 120, 121, 122, 130, 150, 152, 153, 200, 201, 202"
CARNIVORA,Martes_americana,0,8000,"30, 40, 50, 60, 61, 62, 70, 71, 72, 80, 81, 82, 90, 100, 110"
CARNIVORA,Martes_foina,0,4300,"10, 11, 12, 20, 30, 40, 50, 60, 61, 62, 70, 71, 72, 80, 81, 82, 90, 100, 110, 120, 121, 122, 140, 190, 200, 201, 202"
CARNIVORA,Martes_martes,0,2400,"30, 40, 50, 60, 61, 62, 70, 71, 72, 80, 81, 82, 90, 100, 110, 120, 121, 122"
CARNIVORA,Martes_melampus,0,2100,"30, 40, 50, 60, 61, 62, 70, 71, 72, 80, 81, 82, 90, 100, 110, 120, 121, 122, 190"
CARNIVORA,Pekania_pennanti,NA,NA,NA
CARNIVORA,Meles_anakuma,0,8000,"10, 11, 12, 20, 30, 40, 50, 60, 61, 62, 70, 71, 72, 80, 81, 82, 90, 100, 110, 190"
CARNIVORA,Meles_meles,0,3400,"10, 11, 12, 20, 30, 40, 50, 60, 61, 62, 70, 71, 72, 80, 81, 82, 90, 100, 110, 120, 121, 122, 130, 150, 152, 153, 190, 200, 201, 202"
CARNIVORA,Mellivora_capensis,0,4100,"30, 40, 50, 60, 61, 62, 70, 71, 72, 80, 81, 82, 90, 100, 110, 120, 121, 122, 130, 150, 152, 153, 200, 201, 202"
CARNIVORA,Melogale_moschata,0,2100,"10, 11, 12, 20, 30, 40, 50, 60, 61, 62, 90, 100, 110, 120, 121, 122, 130, 160, 180"
CARNIVORA,Mephitis_macroura,0,3200,"10, 11, 12, 20, 30, 40, 50, 60, 61, 62, 70, 71, 72, 80, 81, 82, 90, 100, 110, 120, 121, 122, 130, 140, 150, 152, 153, 190, 200, 201, 202"
CARNIVORA,Mephitis_mephitis,0,8000,"10, 11, 12, 20, 30, 40, 50, 60, 61, 62, 70, 71, 72, 80, 81, 82, 90, 100, 110, 120, 121, 122, 130, 190"
CARNIVORA,Mirounga_angustirostris,0,8000,210
CARNIVORA,Mirounga_leonina,0,8000,210
CARNIVORA,Monachus_monachus,0,8000,210
CARNIVORA,Neomonachus_schauinslandi,NA,NA,NA
CARNIVORA,Mungos_mungo,0,1700,"30, 40, 60, 61, 62, 100, 110, 130"
CARNIVORA,Mustela_altaica,-500,8000,"30, 40, 110, 120, 121, 122, 130, 140, 200, 201, 202"
CARNIVORA,Mustela_erminea,0,3100,"10, 11, 12, 20, 30, 40, 50, 60, 61, 62, 70, 71, 72, 80, 81, 82, 90, 100, 110, 120, 121, 122, 130, 140, 180, 200, 201, 202"
CARNIVORA,Mustela_itatsi,0,8000,"10, 11, 12, 20, 30, 40, 50, 60, 61, 62, 70, 71, 72, 80, 81, 82, 90, 100, 110, 120, 121, 122, 130"
CARNIVORA,Mustela_lutreola,0,1200,"180, 210"
CARNIVORA,Mustela_nivalis,0,2700,"10, 11, 12, 20, 30, 40, 50, 60, 61, 62, 70, 71, 72, 80, 81, 82, 90, 100, 110, 120, 121, 122, 130, 140, 180, 190, 200, 201, 202"
CARNIVORA,Mustela_putorius,0,2500,"10, 11, 12, 20, 30, 40, 50, 60, 61, 62, 70, 71, 72, 80, 81, 82, 90, 100, 110, 120, 121, 122, 130, 180"
CARNIVORA,Mustela_sibirica,1400,5100,"30, 40, 50, 60, 61, 62, 70, 71, 72, 80, 81, 82, 90, 100, 110, 120, 121, 122, 130"
CARNIVORA,Nandinia_binotata,0,2600,"30, 40, 50, 60, 61, 62, 70, 71, 72, 80, 81, 82, 90, 100, 110, 120, 121, 122, 130"
CARNIVORA,Nasua_narica,0,3000,"30, 40, 50, 60, 61, 62, 90, 100, 110, 130"
CARNIVORA,Nasua_nasua,0,2600,"30, 40, 50, 60, 61, 62, 90, 100, 110, 120, 121, 122"
CARNIVORA,Neofelis_nebulosa,0,8000,"30, 40, 50, 60, 61, 62, 70, 71, 72, 80, 81, 82, 90, 100, 110, 120, 121, 122, 160, 170"
CARNIVORA,Neophoca_cinerea,0,8000,210
CARNIVORA,Nyctereutes_procyonoides,0,8000,"10, 11, 12, 20, 30, 40, 50, 60, 61, 62, 70, 71, 72, 80, 81, 82, 90, 100, 110, 120, 121, 122, 130"
CARNIVORA,Odobenus_rosmarus,0,8000,210
CARNIVORA,Otocyon_megalotis,0,8000,"30, 40, 60, 61, 62, 100, 110, 120, 121, 122, 130"
CARNIVORA,Paguma_larvata,0,2600,"30, 40, 50, 60, 61, 62, 70, 71, 72, 80, 81, 82, 90, 100, 110, 160"
CARNIVORA,Panthera_leo,0,4400,"30, 40, 50, 60, 61, 62, 90, 100, 110, 120, 121, 122, 130, 150, 152, 153, 200, 201, 202"
CARNIVORA,Panthera_onca,-500,8000,"30, 40, 50, 60, 61, 62, 70, 71, 72, 80, 81, 82, 90, 100, 110, 120, 121, 122, 130, 160, 170, 180"
CARNIVORA,Panthera_pardus,0,4700,"30, 40, 50, 60, 61, 62, 70, 71, 72, 80, 81, 82, 90, 100, 110, 120, 121, 122, 130, 140, 150, 152, 153, 160, 170, 180, 200, 201, 202"
CARNIVORA,Panthera_tigris,0,8000,"30, 40, 50, 60, 61, 62, 70, 71, 72, 80, 81, 82, 90, 100, 110, 120, 121, 122, 130, 170, 180"
CARNIVORA,Paradoxurus_zeylonensis,0,8000,"30, 40, 50, 60, 61, 62, 70, 71, 72, 80, 81, 82, 90, 100, 110"
CARNIVORA,Phoca_largha,0,8000,210
CARNIVORA,Phoca_vitulina,0,8000,"180, 210"
CARNIVORA,Phocarctos_hookeri,0,8000,210
CARNIVORA,Potos_flavus,0,2600,"30, 40, 50, 60, 61, 62, 90, 100, 110"
CARNIVORA,Prionailurus_bengalensis,0,8000,"10, 11, 12, 20, 30, 40, 50, 60, 61, 62, 70, 71, 72, 80, 81, 82, 90, 100, 110, 120, 121, 122, 130, 160, 170"
CARNIVORA,Prionailurus_viverrinus,0,8000,"30, 40, 50, 60, 61, 62, 70, 71, 72, 80, 81, 82, 90, 100, 110, 120, 121, 122, 160, 170, 180, 210"
CARNIVORA,Procyon_lotor,0,8000,"10, 11, 12, 20, 30, 40, 50, 60, 61, 62, 70, 71, 72, 80, 81, 82, 90, 100, 110, 160, 170, 190"
CARNIVORA,Procyon_pygmaeus,0,8000,"10, 11, 12, 20, 30, 40, 50, 60, 61, 62, 90, 100, 110, 170"
CARNIVORA,Puma_concolor,0,5900,"30, 40, 50, 60, 61, 62, 70, 71, 72, 80, 81, 82, 90, 100, 110, 120, 121, 122, 130, 150, 152, 153, 180, 200, 201, 202"
CARNIVORA,Herpailurus_yagouaroundi,NA,NA,NA
CARNIVORA,Pusa_hispida,0,8000,210
CARNIVORA,Speothos_venaticus,0,1600,"10, 11, 12, 20, 30, 40, 50, 60, 61, 62, 70, 71, 72, 80, 81, 82, 90, 100, 110, 120, 121, 122, 130, 160"
CARNIVORA,Suricata_suricatta,0,8000,"30, 40, 110, 120, 121, 122, 150, 152, 153, 200, 201, 202"
CARNIVORA,Taxidea_taxus,0,8000,"30, 40, 50, 60, 61, 62, 70, 71, 72, 80, 81, 82, 90, 100, 110, 120, 121, 122, 130"
CARNIVORA,Panthera_uncia,0,8000,"30, 40, 60, 61, 62, 70, 71, 72, 80, 81, 82, 90, 100, 110, 120, 121, 122, 130, 140, 200, 201, 202"
CARNIVORA,Urocyon_cinereoargenteus,0,8000,"10, 11, 12, 20, 30, 40, 50, 60, 61, 62, 70, 71, 72, 80, 81, 82, 90, 100, 110, 120, 121, 122, 190"
CARNIVORA,Urocyon_littoralis,0,8000,"30, 40, 50, 60, 61, 62, 70, 71, 72, 80, 81, 82, 90, 100, 110, 120, 121, 122, 130"
CARNIVORA,Ursus_americanus,0,8000,"30, 40, 50, 60, 61, 62, 70, 71, 72, 80, 81, 82, 90, 100, 110, 120, 121, 122, 130, 180"
CARNIVORA,Ursus_arctos,0,5600,"30, 40, 50, 60, 61, 62, 70, 71, 72, 80, 81, 82, 90, 100, 110, 120, 121, 122, 130"
CARNIVORA,Ursus_maritimus,0,8000,"30, 40, 110, 120, 121, 122, 210"
CARNIVORA,Ursus_thibetanus,0,4400,"30, 40, 50, 60, 61, 62, 70, 71, 72, 80, 81, 82, 90, 100, 110, 130"
CARNIVORA,Viverra_tangalunga,0,8000,"30, 40, 50, 60, 61, 62, 90, 100, 110"
CARNIVORA,Vormela_peregusna,0,3100,"30, 40, 110, 120, 121, 122, 130, 140, 150, 152, 153, 200, 201, 202"
CARNIVORA,Vulpes_cana,0,3100,"140, 150, 152, 153, 200, 201, 202"
CARNIVORA,Vulpes_corsac,0,8000,"30, 40, 110, 120, 121, 122, 130, 150, 152, 153, 200, 201, 202"
CARNIVORA,Vulpes_ferrilata,2400,5300,"30, 40, 110, 120, 121, 122, 130, 140, 150, 152, 153, 200, 201, 202"
CARNIVORA,Vulpes_lagopus,NA,NA,NA
CARNIVORA,Vulpes_vulpes,0,4600,"10, 11, 12, 20, 30, 40, 50, 60, 61, 62, 70, 71, 72, 80, 81, 82, 90, 100, 110, 120, 121, 122, 130, 150, 152, 153, 180, 190, 200, 201, 202"
CARNIVORA,Zalophus_californianus,0,8000,210
CHIROPTERA,Anoura_caudifer,400,2900,"30, 40, 50, 60, 61, 62, 90, 100, 110"
CHIROPTERA,Artibeus_jamaicensis,0,1200,"10, 11, 12, 20, 30, 40, 50, 60, 61, 62, 90, 100, 110, 140, 190, 200, 201, 202"
CHIROPTERA,Artibeus_lituratus,0,8000,"10, 11, 12, 20, 30, 40, 50, 60, 61, 62, 90, 100, 110, 190"
CHIROPTERA,Aselliscus_stoliczkanus,0,8000,"10, 11, 12, 20, 30, 40, 100, 110"
CHIROPTERA,Balantiopteryx_plicata,0,1600,"30, 40, 50, 60, 61, 62, 90, 100, 110, 120, 121, 122, 190"
CHIROPTERA,Brachyphylla_cavernarum,0,8000,"30, 40, 50, 60, 61, 62, 90, 100, 110"
CHIROPTERA,Carollia_perspicillata,0,8000,"30, 40, 50, 60, 61, 62, 70, 71, 72, 80, 81, 82, 90, 100, 110"
CHIROPTERA,Coleura_afra,0,8000,"30, 40, 50, 60, 61, 62, 90, 100, 110, 120, 121, 122, 130, 150, 152, 153, 200, 201, 202"
CHIROPTERA,Cynopterus_brachyotis,0,8000,"10, 11, 12, 20, 30, 40, 50, 60, 61, 62, 70, 71, 72, 80, 81, 82, 90, 100, 110, 190"
CHIROPTERA,Cynopterus_sphinx,0,500,"10, 11, 12, 20, 30, 40, 50, 60, 61, 62, 70, 71, 72, 80, 81, 82, 90, 100, 110, 190"
CHIROPTERA,Desmodus_rotundus,0,3100,"10, 11, 12, 20, 30, 40, 140, 190, 200, 201, 202"
CHIROPTERA,Diphylla_ecaudata,0,2000,"30, 40, 50, 60, 61, 62, 70, 71, 72, 80, 81, 82, 90, 100, 110, 130"
CHIROPTERA,Eidolon_dupreanum,0,8000,"30, 40, 50, 60, 61, 62, 70, 71, 72, 80, 81, 82, 90, 100, 110"
CHIROPTERA,Eidolon_helvum,0,2100,"10, 11, 12, 20, 30, 40, 50, 60, 61, 62, 70, 71, 72, 80, 81, 82, 90, 100, 110, 130, 160, 170, 190"
CHIROPTERA,Eonycteris_spelaea,0,8000,"10, 11, 12, 20, 30, 40, 50, 60, 61, 62, 70, 71, 72, 80, 81, 82, 90, 100, 110, 190"
CHIROPTERA,Epomophorus_gambianus,0,2100,"30, 40, 50, 60, 61, 62, 90, 100, 110, 130"
CHIROPTERA,Epomophorus_wahlbergi,0,2100,"10, 11, 12, 20, 30, 40, 50, 60, 61, 62, 90, 100, 110, 120, 121, 122, 130, 190"
CHIROPTERA,Epomops_buettikoferi,0,8000,"10, 11, 12, 20, 30, 40, 50, 60, 61, 62, 70, 71, 72, 80, 81, 82, 90, 100, 110, 120, 121, 122, 130, 160, 170"
CHIROPTERA,Epomops_franqueti,0,8000,"10, 11, 12, 20, 30, 40, 50, 60, 61, 62, 90, 100, 110, 130"
CHIROPTERA,Eptesicus_furinalis,0,8000,"10, 11, 12, 20, 30, 40, 50, 60, 61, 62, 90, 100, 110, 190"
CHIROPTERA,Eptesicus_fuscus,0,8000,"10, 11, 12, 20, 30, 40, 50, 60, 61, 62, 70, 71, 72, 80, 81, 82, 90, 100, 110, 140, 190, 200, 201, 202"
CHIROPTERA,Eptesicus_serotinus,0,1500,"10, 11, 12, 20, 30, 40, 50, 60, 61, 62, 70, 71, 72, 80, 81, 82, 90, 100, 110, 120, 121, 122, 130, 140, 190, 200, 201, 202"
CHIROPTERA,Eumops_auripendulus,0,8000,"10, 11, 12, 20, 30, 40, 50, 60, 61, 62, 90, 100, 110, 130, 190"
CHIROPTERA,Eumops_bonariensis,0,8000,"30, 40, 50, 60, 61, 62, 90, 100, 110, 190"
CHIROPTERA,Eumops_glaucinus,0,8000,"30, 40, 50, 60, 61, 62, 90, 100, 110, 190"
CHIROPTERA,Eumops_perotis,0,8000,"30, 40, 50, 60, 61, 62, 90, 100, 110, 190"
CHIROPTERA,Glossophaga_soricina,0,8000,"10, 11, 12, 20, 30, 40, 50, 60, 61, 62, 90, 100, 110, 130, 190"
CHIROPTERA,Hipposideros_armiger,900,2100,"10, 11, 12, 20, 30, 40, 50, 60, 61, 62, 70, 71, 72, 80, 81, 82, 90, 100, 110"
CHIROPTERA,Hipposideros_caffer,0,2600,"30, 40, 50, 60, 61, 62, 90, 100, 110, 120, 121, 122, 130, 180"
CHIROPTERA,Macronycteris_commersonii,-500,8500,NA
CHIROPTERA,Hipposideros_fuliginosus,1300,1600,"30, 40, 50, 60, 61, 62, 90, 100, 110"
CHIROPTERA,Hipposideros_larvatus,0,2100,"10, 11, 12, 20, 30, 40, 50, 60, 61, 62, 70, 71, 72, 80, 81, 82, 90, 100, 110"
CHIROPTERA,Hipposideros_lylei,0,8000,"10, 11, 12, 20, 30, 40, 50, 60, 61, 62, 90, 100, 110"
CHIROPTERA,Hipposideros_pomona,0,8000,"10, 11, 12, 20, 30, 40, 50, 60, 61, 62, 90, 100, 110, 190"
CHIROPTERA,Hipposideros_ruber,0,2400,"30, 40, 50, 60, 61, 62, 90, 100, 110, 130"
CHIROPTERA,Histiotus_macrotus,300,3700,190
CHIROPTERA,Histiotus_velatus,0,8000,"30, 40, 50, 60, 61, 62, 90, 100, 110, 190"
CHIROPTERA,Hypsignathus_monstrosus,0,1900,"30, 40, 50, 60, 61, 62, 70, 71, 72, 80, 81, 82, 90, 100, 110, 130, 170"
CHIROPTERA,Lasionycteris_noctivagans,0,8000,"30, 40, 50, 60, 61, 62, 70, 71, 72, 80, 81, 82, 90, 100, 110, 140, 190, 200, 201, 202"
CHIROPTERA,Lasiurus_blossevillii,-500,8500,"10, 11, 12, 20, 30, 40, 50, 60, 61, 62, 70, 71, 72, 80, 81, 82, 90, 100, 110, 120, 121, 122, 130, 190"
CHIROPTERA,Lasiurus_borealis,0,8000,"30, 40, 50, 60, 61, 62, 70, 71, 72, 80, 81, 82, 90, 100, 110"
CHIROPTERA,Lasiurus_seminolus,0,8000,"30, 40, 50, 60, 61, 62, 90, 100, 110"
CHIROPTERA,Lyroderma_lyra,-500,8500,NA
CHIROPTERA,Epomophorus_pusillus,0,900,"10, 11, 12, 20, 30, 40, 50, 60, 61, 62, 90, 100, 110, 120, 121, 122, 130, 160"
CHIROPTERA,Miniopterus_inflatus,0,8000,"30, 40, 50, 60, 61, 62, 70, 71, 72, 80, 81, 82, 90, 100, 110"
CHIROPTERA,Miniopterus_natalensis,0,8000,"30, 40, 60, 61, 62, 100, 110, 120, 121, 122, 130, 150, 152, 153, 200, 201, 202"
CHIROPTERA,Miniopterus_pusillus,0,1300,"10, 11, 12, 20, 30, 40, 50, 60, 61, 62, 90, 100, 110"
CHIROPTERA,Miniopterus_schreibersii,-500,8000,"10, 11, 12, 20, 30, 40, 50, 60, 61, 62, 70, 71, 72, 80, 81, 82, 90, 100, 110, 120, 121, 122, 130"
CHIROPTERA,Molossops_neglectus,-500,8500,NA
CHIROPTERA,Molossus_molossus,0,8000,"30, 40, 50, 60, 61, 62, 90, 100, 110, 190"
CHIROPTERA,Molossus_rufus,0,8000,"30, 40, 50, 60, 61, 62, 90, 100, 110, 120, 121, 122, 190"
CHIROPTERA,Monophyllus_redmani,-500,8500,NA
CHIROPTERA,Mops_condylurus,0,8000,"10, 11, 12, 20, 30, 40, 60, 61, 62, 100, 110, 130, 190"
CHIROPTERA,Myonycteris_torquata,0,1400,"10, 11, 12, 20, 30, 40, 50, 60, 61, 62, 90, 100, 110, 130, 190"
CHIROPTERA,Myotis_capaccinii,0,1000,"30, 40, 110, 120, 121, 122, 180, 210"
CHIROPTERA,Myotis_chiloensis,0,1600,"30, 40, 50, 60, 61, 62, 70, 71, 72, 80, 81, 82, 90, 100, 110, 140, 200, 201, 202"
CHIROPTERA,Myotis_dasycneme,0,1600,"30, 40, 50, 60, 61, 62, 70, 71, 72, 80, 81, 82, 90, 100, 110, 180, 190, 210"
CHIROPTERA,Myotis_daubentonii,0,1500,"10, 11, 12, 20, 30, 40, 50, 60, 61, 62, 70, 71, 72, 80, 81, 82, 90, 100, 110, 120, 121, 122, 140, 180, 190, 200, 201, 202, 210"
CHIROPTERA,Myotis_keenii,0,8000,"30, 40, 50, 60, 61, 62, 70, 71, 72, 80, 81, 82, 90, 100, 110, 140, 200, 201, 202"
CHIROPTERA,Myotis_lucifugus,0,8000,"30, 40, 50, 60, 61, 62, 70, 71, 72, 80, 81, 82, 90, 100, 110, 190"
CHIROPTERA,Myotis_myotis,0,8000,"10, 11, 12, 20, 30, 40, 50, 60, 61, 62, 70, 71, 72, 80, 81, 82, 90, 100, 110, 120, 121, 122, 190"
CHIROPTERA,Myotis_nattereri,0,2100,"10, 11, 12, 20, 30, 40, 50, 60, 61, 62, 70, 71, 72, 80, 81, 82, 90, 100, 110, 120, 121, 122, 130, 190"
CHIROPTERA,Myotis_nigricans,0,8000,"10, 11, 12, 20, 30, 40, 50, 60, 61, 62, 90, 100, 110, 190"
CHIROPTERA,Myotis_pilosus,0,8000,"30, 40, 50, 60, 61, 62, 70, 71, 72, 80, 81, 82, 90, 100, 110"
CHIROPTERA,Myotis_riparius,0,8000,"30, 40, 50, 60, 61, 62, 90, 100, 110"
CHIROPTERA,Myotis_velifer,0,3400,"30, 40, 50, 60, 61, 62, 70, 71, 72, 80, 81, 82, 90, 100, 110, 190"
CHIROPTERA,Nyctalus_noctula,0,8000,"10, 11, 12, 20, 30, 40, 50, 60, 61, 62, 70, 71, 72, 80, 81, 82, 90, 100, 110"
CHIROPTERA,Nycteris_thebaica,0,2100,"30, 40, 50, 60, 61, 62, 90, 100, 110, 120, 121, 122, 130, 150, 152, 153, 200, 201, 202"
CHIROPTERA,Nycticeius_humeralis,0,8000,"30, 40, 50, 60, 61, 62, 70, 71, 72, 80, 81, 82, 90, 100, 110"
CHIROPTERA,Nyctinomops_laticaudatus,0,8000,"30, 40, 50, 60, 61, 62, 90, 100, 110, 190"
CHIROPTERA,Nyctinomops_macrotis,0,8000,"30, 40, 50, 60, 61, 62, 70, 71, 72, 80, 81, 82, 90, 100, 110, 190"
CHIROPTERA,Pipistrellus_javanicus,0,2500,"10, 11, 12, 20, 30, 40, 50, 60, 61, 62, 70, 71, 72, 80, 81, 82, 90, 100, 110, 190"
CHIROPTERA,Pipistrellus_pipistrellus,0,2700,"10, 11, 12, 20, 30, 40, 50, 60, 61, 62, 70, 71, 72, 80, 81, 82, 90, 100, 110, 120, 121, 122, 190"
CHIROPTERA,Pipistrellus_pygmaeus,0,8000,"30, 40, 50, 60, 61, 62, 70, 71, 72, 80, 81, 82, 90, 100, 110, 190"
CHIROPTERA,Perimyotis_subflavus,-500,2097,"30, 40, 50, 60, 61, 62, 70, 71, 72, 80, 81, 82, 90, 100, 110, 140, 190, 200, 201, 202"
CHIROPTERA,Pteropus_alecto,0,200,"30, 40, 50, 60, 61, 62, 90, 100, 110, 160, 170, 190"
CHIROPTERA,Pteropus_conspicillatus,0,300,"10, 11, 12, 20, 30, 40, 50, 60, 61, 62, 90, 100, 110, 160, 170, 190"
CHIROPTERA,Pteropus_hypomelanus,0,1000,"10, 11, 12, 20, 30, 40, 50, 60, 61, 62, 90, 100, 110, 190"
CHIROPTERA,Pteropus_lylei,0,8000,"10, 11, 12, 20, 30, 40, 50, 60, 61, 62, 90, 100, 110, 170"
CHIROPTERA,Pteropus_neohibernicus,0,1500,"10, 11, 12, 20, 30, 40, 50, 60, 61, 62, 90, 100, 110, 130, 160, 170"
CHIROPTERA,Pteropus_poliocephalus,0,8000,"10, 11, 12, 20, 30, 40, 50, 60, 61, 62, 70, 71, 72, 80, 81, 82, 90, 100, 110, 160, 170, 190"
CHIROPTERA,Pteropus_rufus,0,8000,"10, 11, 12, 20, 30, 40, 50, 60, 61, 62, 90, 100, 110, 170"
CHIROPTERA,Pteropus_scapulatus,0,400,"10, 11, 12, 20, 30, 40, 50, 60, 61, 62, 70, 71, 72, 80, 81, 82, 90, 100, 110, 120, 121, 122, 170"
CHIROPTERA,Pteropus_vampyrus,0,1300,"10, 11, 12, 20, 30, 40, 50, 60, 61, 62, 70, 71, 72, 80, 81, 82, 90, 100, 110"
CHIROPTERA,Rhinolophus_affinis,200,2100,"10, 11, 12, 20, 30, 40, 50, 60, 61, 62, 70, 71, 72, 80, 81, 82, 90, 100, 110, 190"
CHIROPTERA,Rhinolophus_alcyone,0,8000,"30, 40, 50, 60, 61, 62, 90, 100, 110, 130"
CHIROPTERA,Rhinolophus_eloquens,-500,8000,"30, 40, 50, 60, 61, 62, 90, 100, 110, 130"
CHIROPTERA,Rhinolophus_ferrumequinum,0,3100,"10, 11, 12, 20, 30, 40, 50, 60, 61, 62, 70, 71, 72, 80, 81, 82, 90, 100, 110, 120, 121, 122, 130, 190"
CHIROPTERA,Rhinolophus_macrotis,100,1800,"30, 40, 50, 60, 61, 62, 70, 71, 72, 80, 81, 82, 90, 100, 110"
CHIROPTERA,Rhinolophus_pusillus,100,1500,"30, 40, 50, 60, 61, 62, 90, 100, 110"
CHIROPTERA,Rhinolophus_sinicus,400,2900,"30, 40, 50, 60, 61, 62, 70, 71, 72, 80, 81, 82, 90, 100, 110"
CHIROPTERA,Rousettus_aegyptiacus,0,4100,"10, 11, 12, 20, 30, 40, 50, 60, 61, 62, 70, 71, 72, 80, 81, 82, 90, 100, 110, 120, 121, 122, 130, 150, 152, 153, 160, 170, 200, 201, 202"
CHIROPTERA,Rousettus_amplexicaudatus,0,2300,"10, 11, 12, 20, 30, 40, 50, 60, 61, 62, 70, 71, 72, 80, 81, 82, 90, 100, 110, 140, 200, 201, 202"
CHIROPTERA,Sturnira_lilium,0,1700,"30, 40, 50, 60, 61, 62, 70, 71, 72, 80, 81, 82, 90, 100, 110"
CHIROPTERA,Tadarida_brasiliensis,-500,8000,"30, 40, 50, 60, 61, 62, 70, 71, 72, 80, 81, 82, 90, 100, 110, 140, 150, 152, 153, 200, 201, 202"
CHIROPTERA,Tadarida_teniotis,0,3200,"30, 40, 110, 120, 121, 122, 130, 140, 150, 152, 153, 190, 200, 201, 202"
CHIROPTERA,Taphozous_melanopogon,0,200,"10, 11, 12, 20, 30, 40, 50, 60, 61, 62, 90, 100, 110, 120, 121, 122, 190"
CHIROPTERA,Taphozous_perforatus,0,300,"30, 40, 60, 61, 62, 100, 110, 130"
CHIROPTERA,Taphozous_theobaldi,0,1300,"30, 40, 50, 60, 61, 62, 90, 100, 110"
CHIROPTERA,Triaenops_persicus,0,8000,"30, 40, 60, 61, 62, 100, 110, 120, 121, 122, 130"
CHIROPTERA,Uroderma_bilobatum,0,1100,"30, 40, 50, 60, 61, 62, 90, 100, 110, 130"
CHIROPTERA,Vespertilio_murinus,0,3500,"10, 11, 12, 20, 30, 40, 50, 60, 61, 62, 70, 71, 72, 80, 81, 82, 90, 100, 110, 120, 121, 122, 130, 140, 150, 152, 153, 190, 200, 201, 202"
CHIROPTERA,Rousettus_leschenaultii,0,1200,"10, 11, 12, 20, 30, 40, 50, 60, 61, 62, 70, 71, 72, 80, 81, 82, 90, 100, 110, 190"
CHIROPTERA,Saccolaimus_flaviventris,0,8000,"30, 40, 50, 60, 61, 62, 90, 100, 110, 120, 121, 122, 130, 170"
CINGULATA,Chaetophractus_vellerosus,-500,8000,"10, 11, 12, 20, 30, 40, 60, 61, 62, 100, 110, 120, 121, 122, 130, 150, 152, 153, 200, 201, 202"
CINGULATA,Chaetophractus_villosus,0,1600,"10, 11, 12, 20, 30, 40, 50, 60, 61, 62, 70, 71, 72, 80, 81, 82, 90, 100, 110, 120, 121, 122, 130, 150, 152, 153, 200, 201, 202"
CINGULATA,Dasypus_novemcinctus,0,2100,"10, 11, 12, 20, 30, 40, 50, 60, 61, 62, 70, 71, 72, 80, 81, 82, 90, 100, 110, 120, 121, 122, 130, 160, 180, 190"
CINGULATA,Euphractus_sexcinctus,0,1700,"30, 40, 50, 60, 61, 62, 70, 71, 72, 80, 81, 82, 90, 100, 110, 120, 121, 122, 130, 180"
CINGULATA,Tolypeutes_matacus,0,900,"30, 40, 60, 61, 62, 100, 110, 120, 121, 122, 130"
DASYUROMORPHIA,Dasyurus_maculatus,0,8000,"10, 11, 12, 20, 30, 40, 50, 60, 61, 62, 70, 71, 72, 80, 81, 82, 90, 100, 110"
DIDELPHIMORPHIA,Caluromys_philander,0,1900,"10, 11, 12, 20, 30, 40, 50, 60, 61, 62, 90, 100, 110"
DIDELPHIMORPHIA,Didelphis_albiventris,0,8000,"10, 11, 12, 20, 30, 40, 50, 60, 61, 62, 70, 71, 72, 80, 81, 82, 90, 100, 110, 120, 121, 122, 130, 190"
DIDELPHIMORPHIA,Didelphis_aurita,0,8000,"10, 11, 12, 20, 30, 40, 50, 60, 61, 62, 70, 71, 72, 80, 81, 82, 90, 100, 110, 120, 121, 122, 190"
DIDELPHIMORPHIA,Didelphis_marsupialis,0,2600,"10, 11, 12, 20, 30, 40, 50, 60, 61, 62, 70, 71, 72, 80, 81, 82, 90, 100, 110, 120, 121, 122, 160, 170, 190"
DIDELPHIMORPHIA,Didelphis_virginiana,0,3100,"10, 11, 12, 20, 30, 40, 50, 60, 61, 62, 70, 71, 72, 80, 81, 82, 90, 100, 110, 120, 121, 122, 160, 170, 190"
DIDELPHIMORPHIA,Marmosa_murina,0,1400,"10, 11, 12, 20, 30, 40, 50, 60, 61, 62, 90, 100, 110, 160, 190"
DIDELPHIMORPHIA,Metachirus_nudicaudatus,0,1600,"30, 40, 50, 60, 61, 62, 90, 100, 110, 120, 121, 122, 170"
DIDELPHIMORPHIA,Marmosa_paraguayana,0,900,"30, 40, 50, 60, 61, 62, 90, 100, 110"
DIDELPHIMORPHIA,Philander_opossum,0,1700,"10, 11, 12, 20, 30, 40, 50, 60, 61, 62, 70, 71, 72, 80, 81, 82, 90, 100, 110, 120, 121, 122"
DIPROTODONTIA,Aepyprymnus_rufescens,0,8000,"10, 11, 12, 20, 30, 40, 50, 60, 61, 62, 70, 71, 72, 80, 81, 82, 90, 100, 110, 130"
DIPROTODONTIA,Notamacropus_agilis,-500,8500,NA
DIPROTODONTIA,Notamacropus_dorsalis,-500,8500,NA
DIPROTODONTIA,Notamacropus_eugenii,-500,8500,NA
DIPROTODONTIA,Macropus_fuliginosus,0,8000,"10, 11, 12, 20, 30, 40, 50, 60, 61, 62, 70, 71, 72, 80, 81, 82, 90, 100, 110, 120, 121, 122, 130"
DIPROTODONTIA,Macropus_giganteus,0,8000,"10, 11, 12, 20, 30, 40, 50, 60, 61, 62, 70, 71, 72, 80, 81, 82, 90, 100, 110, 120, 121, 122, 130"
DIPROTODONTIA,Osphranter_robustus,-500,8500,NA
DIPROTODONTIA,Notamacropus_rufogriseus,-500,8500,NA
DIPROTODONTIA,Osphranter_rufus,-500,8500,NA
DIPROTODONTIA,Petrogale_penicillata,0,8000,"30, 40, 50, 60, 61, 62, 90, 100, 110, 130, 140, 200, 201, 202"
DIPROTODONTIA,Phascolarctos_cinereus,0,8000,"30, 40, 50, 60, 61, 62, 70, 71, 72, 80, 81, 82, 90, 100, 110, 130"
DIPROTODONTIA,Pseudocheirus_peregrinus,0,8000,"10, 11, 12, 20, 30, 40, 50, 60, 61, 62, 70, 71, 72, 80, 81, 82, 90, 100, 110, 130, 190"
DIPROTODONTIA,Thylogale_brunii,0,8000,"30, 40, 50, 60, 61, 62, 90, 100, 110, 130"
DIPROTODONTIA,Trichosurus_vulpecula,0,8000,"10, 11, 12, 20, 30, 40, 50, 60, 61, 62, 70, 71, 72, 80, 81, 82, 90, 100, 110, 130, 190"
DIPROTODONTIA,Vombatus_ursinus,0,1900,"30, 40, 50, 60, 61, 62, 70, 71, 72, 80, 81, 82, 90, 100, 110, 120, 121, 122"
DIPROTODONTIA,Wallabia_bicolor,0,1900,"10, 11, 12, 20, 30, 40, 50, 60, 61, 62, 70, 71, 72, 80, 81, 82, 90, 100, 110, 120, 121, 122"
EULIPOTYPHLA,Atelerix_albiventris,0,8000,"10, 11, 12, 20, 30, 40, 60, 61, 62, 100, 110, 130"
EULIPOTYPHLA,Atelerix_algirus,0,2100,"10, 11, 12, 20, 30, 40, 110, 120, 121, 122, 130, 150, 152, 153, 200, 201, 202"
EULIPOTYPHLA,Erinaceus_concolor,0,8000,"10, 11, 12, 20, 30, 40, 50, 60, 61, 62, 70, 71, 72, 80, 81, 82, 90, 100, 110, 120, 121, 122, 190"
EULIPOTYPHLA,Erinaceus_europaeus,0,8000,"10, 11, 12, 20, 30, 40, 50, 60, 61, 62, 70, 71, 72, 80, 81, 82, 90, 100, 110, 130, 190"
EULIPOTYPHLA,Erinaceus_roumanicus,0,1500,"10, 11, 12, 20, 30, 40, 50, 60, 61, 62, 70, 71, 72, 80, 81, 82, 90, 100, 110, 120, 121, 122"
EULIPOTYPHLA,Paraechinus_aethiopicus,0,8000,"30, 40, 60, 61, 62, 100, 110, 120, 121, 122, 130, 150, 152, 153, 200, 201, 202"
HYRACOIDEA,Heterohyrax_brucei,0,3900,"30, 40, 60, 61, 62, 100, 110, 130, 140, 200, 201, 202"
HYRACOIDEA,Procavia_capensis,0,4400,"30, 40, 60, 61, 62, 100, 110, 120, 121, 122, 130, 140, 150, 152, 153, 200, 201, 202"
LAGOMORPHA,Lepus_americanus,0,8000,"10, 11, 12, 20, 30, 40, 50, 60, 61, 62, 70, 71, 72, 80, 81, 82, 90, 100, 110, 120, 121, 122"
LAGOMORPHA,Lepus_castroviejoi,900,2000,"10, 11, 12, 20, 30, 40, 50, 60, 61, 62, 70, 71, 72, 80, 81, 82, 90, 100, 110, 120, 121, 122"
LAGOMORPHA,Lepus_europaeus,0,2400,"10, 11, 12, 20, 30, 40, 110, 120, 121, 122, 130"
LAGOMORPHA,Lepus_granatensis,0,8000,"10, 11, 12, 20, 30, 40, 50, 60, 61, 62, 70, 71, 72, 80, 81, 82, 90, 100, 110, 120, 121, 122, 130"
LAGOMORPHA,Lepus_oiostolus,2900,5400,"30, 40, 110, 120, 121, 122, 130, 150, 152, 153, 200, 201, 202"
LAGOMORPHA,Lepus_timidus,0,8000,"10, 11, 12, 20, 30, 40, 60, 61, 62, 70, 71, 72, 80, 81, 82, 90, 100, 110, 120, 121, 122, 130, 180"
LAGOMORPHA,Ochotona_curzoniae,2900,5100,"30, 40, 50, 60, 61, 62, 70, 71, 72, 80, 81, 82, 90, 100, 110, 120, 121, 122, 130, 150, 152, 153, 200, 201, 202"
LAGOMORPHA,Ochotona_rufescens,1800,3600,"10, 11, 12, 20, 30, 40, 50, 60, 61, 62, 70, 71, 72, 80, 81, 82, 90, 100, 110, 120, 121, 122, 150, 152, 153, 200, 201, 202"
LAGOMORPHA,Oryctolagus_cuniculus,0,1600,"10, 11, 12, 20, 30, 40, 50, 60, 61, 62, 70, 71, 72, 80, 81, 82, 90, 100, 110, 120, 121, 122, 130"
LAGOMORPHA,Sylvilagus_floridanus,0,8000,"10, 11, 12, 20, 30, 40, 50, 60, 61, 62, 70, 71, 72, 80, 81, 82, 90, 100, 110, 120, 121, 122, 130, 140, 150, 152, 153, 160, 170, 180, 200, 201, 202"
LAGOMORPHA,Sylvilagus_palustris,0,8000,"10, 11, 12, 20, 30, 40, 50, 60, 61, 62, 90, 100, 110, 170, 180"
MONOTREMATA,Ornithorhynchus_anatinus,0,8000,NA
PERAMELEMORPHIA,Perameles_bougainville,0,8000,"30, 40, 110, 120, 121, 122, 130"
PERISSODACTYLA,Ceratotherium_simum,0,8000,"30, 40, 60, 61, 62, 100, 110, 120, 121, 122, 130"
PERISSODACTYLA,Diceros_bicornis,0,3800,"30, 40, 60, 61, 62, 100, 110, 120, 121, 122, 130, 150, 152, 153, 200, 201, 202"
PERISSODACTYLA,Equus_grevyi,0,1700,"30, 40, 110, 120, 121, 122, 130"
PERISSODACTYLA,Rhinoceros_unicornis,-500,8000,"30, 40, 50, 60, 61, 62, 90, 100, 110, 180"
PERISSODACTYLA,Tapirus_terrestris,0,2100,"30, 40, 50, 60, 61, 62, 90, 100, 110, 120, 121, 122, 130, 160, 180"
PERISSODACTYLA,Equus_quagga,0,4400,"30, 40, 60, 61, 62, 100, 110, 120, 121, 122, 130, 180"
PILOSA,Bradypus_tridactylus,0,8000,"30, 40, 50, 60, 61, 62, 70, 71, 72, 80, 81, 82, 90, 100, 110"
PILOSA,Bradypus_variegatus,0,2500,"10, 11, 12, 20, 30, 40, 50, 60, 61, 62, 70, 71, 72, 80, 81, 82, 90, 100, 110, 160, 170"
PILOSA,Choloepus_didactylus,0,2500,"30, 40, 50, 60, 61, 62, 70, 71, 72, 80, 81, 82, 90, 100, 110"
PILOSA,Choloepus_hoffmanni,0,3400,"30, 40, 50, 60, 61, 62, 70, 71, 72, 80, 81, 82, 90, 100, 110, 120, 121, 122, 130"
PILOSA,Myrmecophaga_tridactyla,0,8000,"30, 40, 50, 60, 61, 62, 70, 71, 72, 80, 81, 82, 90, 100, 110, 120, 121, 122, 130, 180"
PILOSA,Tamandua_tetradactyla,0,2100,"30, 40, 50, 60, 61, 62, 70, 71, 72, 80, 81, 82, 90, 100, 110, 120, 121, 122, 130, 160, 170"
PRIMATES,Alouatta_belzebul,0,8000,"30, 40, 50, 60, 61, 62, 90, 100, 110, 160, 170"
PRIMATES,Alouatta_caraya,0,8000,"30, 40, 50, 60, 61, 62, 90, 100, 110, 130"
PRIMATES,Alouatta_guariba,0,800,"30, 40, 50, 60, 61, 62, 70, 71, 72, 80, 81, 82, 90, 100, 110, 160"
PRIMATES,Alouatta_palliata,0,2600,"30, 40, 50, 60, 61, 62, 70, 71, 72, 80, 81, 82, 90, 100, 110, 160"
PRIMATES,Alouatta_pigra,0,8000,"30, 40, 50, 60, 61, 62, 70, 71, 72, 80, 81, 82, 90, 100, 110, 160"
PRIMATES,Alouatta_seniculus,0,3300,"30, 40, 50, 60, 61, 62, 70, 71, 72, 80, 81, 82, 90, 100, 110, 130, 160"
PRIMATES,Aotus_nigriceps,0,8000,"30, 40, 50, 60, 61, 62, 70, 71, 72, 80, 81, 82, 90, 100, 110, 160"
PRIMATES,Aotus_trivirgatus,0,8000,"30, 40, 50, 60, 61, 62, 70, 71, 72, 80, 81, 82, 90, 100, 110, 160"
PRIMATES,Ateles_geoffroyi,0,8000,"30, 40, 50, 60, 61, 62, 70, 71, 72, 80, 81, 82, 90, 100, 110"
PRIMATES,Ateles_paniscus,0,8000,"30, 40, 50, 60, 61, 62, 70, 71, 72, 80, 81, 82, 90, 100, 110, 160"
PRIMATES,Brachyteles_arachnoides,0,1900,"30, 40, 50, 60, 61, 62, 70, 71, 72, 80, 81, 82, 90, 100, 110"
PRIMATES,Callicebus_nigrifrons,0,8000,"30, 40, 50, 60, 61, 62, 90, 100, 110"
PRIMATES,Plecturocebus_oenanthe,NA,NA,NA
PRIMATES,Callithrix_jacchus,0,8000,"30, 40, 50, 60, 61, 62, 70, 71, 72, 80, 81, 82, 90, 100, 110, 130"
PRIMATES,Callithrix_penicillata,0,8000,"30, 40, 50, 60, 61, 62, 70, 71, 72, 80, 81, 82, 90, 100, 110, 130"
PRIMATES,Sapajus_apella,-500,8500,"30, 40, 50, 60, 61, 62, 70, 71, 72, 80, 81, 82, 90, 100, 110, 130, 160, 170"
PRIMATES,Cebus_capucinus,0,2200,"30, 40, 50, 60, 61, 62, 70, 71, 72, 80, 81, 82, 90, 100, 110, 130, 160"
PRIMATES,Sapajus_libidinosus,-500,8500,"30, 40, 50, 60, 61, 62, 90, 100, 110, 130"
PRIMATES,Sapajus_nigritus,-500,8500,"30, 40, 50, 60, 61, 62, 70, 71, 72, 80, 81, 82, 90, 100, 110"
PRIMATES,Sapajus_xanthosternos,-500,8500,"30, 40, 50, 60, 61, 62, 70, 71, 72, 80, 81, 82, 90, 100, 110"
PRIMATES,Cercocebus_atys,0,8000,"30, 40, 50, 60, 61, 62, 90, 100, 110, 130, 160, 170"
PRIMATES,Cercocebus_torquatus,0,1100,"30, 40, 50, 60, 61, 62, 90, 100, 110, 160, 170"
PRIMATES,Cercopithecus_ascanius,0,2600,"30, 40, 50, 60, 61, 62, 70, 71, 72, 80, 81, 82, 90, 100, 110"
PRIMATES,Cercopithecus_cephus,0,1000,"30, 40, 50, 60, 61, 62, 90, 100, 110"
PRIMATES,Cercopithecus_diana,0,1400,"30, 40, 50, 60, 61, 62, 90, 100, 110"
PRIMATES,Allochrocebus_lhoesti,-500,2900,"30, 40, 50, 60, 61, 62, 70, 71, 72, 80, 81, 82, 90, 100, 110"
PRIMATES,Cercopithecus_mitis,700,3900,"10, 11, 12, 20, 30, 40, 50, 60, 61, 62, 70, 71, 72, 80, 81, 82, 90, 100, 110, 160"
PRIMATES,Cercopithecus_neglectus,0,2300,"30, 40, 50, 60, 61, 62, 70, 71, 72, 80, 81, 82, 90, 100, 110, 160"
PRIMATES,Cercopithecus_nictitans,0,1100,"30, 40, 50, 60, 61, 62, 70, 71, 72, 80, 81, 82, 90, 100, 110, 160, 170"
PRIMATES,Chiropotes_chiropotes,0,8000,"30, 40, 50, 60, 61, 62, 90, 100, 110"
PRIMATES,Chlorocebus_aethiops,100,3100,"10, 11, 12, 20, 30, 40, 60, 61, 62, 100, 110, 120, 121, 122, 130, 190"
PRIMATES,Chlorocebus_pygerythrus,0,2100,"10, 11, 12, 20, 30, 40, 50, 60, 61, 62, 90, 100, 110, 120, 121, 122, 130, 160, 170, 190"
PRIMATES,Chlorocebus_sabaeus,0,1100,"10, 11, 12, 20, 30, 40, 50, 60, 61, 62, 90, 100, 110, 130, 160, 170, 190"
PRIMATES,Colobus_guereza,0,3400,"30, 40, 50, 60, 61, 62, 70, 71, 72, 80, 81, 82, 90, 100, 110"
PRIMATES,Erythrocebus_patas,0,2100,"10, 11, 12, 20, 30, 40, 50, 60, 61, 62, 90, 100, 110, 120, 121, 122, 130, 180"
PRIMATES,Eulemur_albifrons,0,1800,"30, 40, 50, 60, 61, 62, 70, 71, 72, 80, 81, 82, 90, 100, 110"
PRIMATES,Eulemur_fulvus,-500,8000,"30, 40, 50, 60, 61, 62, 70, 71, 72, 80, 81, 82, 90, 100, 110"
PRIMATES,Eulemur_macaco,0,1700,"10, 11, 12, 20, 30, 40, 50, 60, 61, 62, 90, 100, 110"
PRIMATES,Gorilla_beringei,500,3000,"30, 40, 50, 60, 61, 62, 70, 71, 72, 80, 81, 82, 90, 100, 110"
PRIMATES,Gorilla_gorilla,100,2100,"30, 40, 50, 60, 61, 62, 70, 71, 72, 80, 81, 82, 90, 100, 110, 160"
PRIMATES,Hylobates_lar,0,1300,"30, 40, 50, 60, 61, 62, 70, 71, 72, 80, 81, 82, 90, 100, 110"
PRIMATES,Hylobates_pileatus,0,1600,"30, 40, 50, 60, 61, 62, 70, 71, 72, 80, 81, 82, 90, 100, 110"
PRIMATES,Lagothrix_lagothricha,0,3100,"30, 40, 50, 60, 61, 62, 90, 100, 110, 130, 160"
PRIMATES,Lemur_catta,0,2700,"30, 40, 50, 60, 61, 62, 90, 100, 110, 120, 121, 122"
PRIMATES,Macaca_arctoides,0,2900,"30, 40, 50, 60, 61, 62, 70, 71, 72, 80, 81, 82, 90, 100, 110"
PRIMATES,Macaca_cyclopis,0,3500,"10, 11, 12, 20, 30, 40, 50, 60, 61, 62, 70, 71, 72, 80, 81, 82, 90, 100, 110"
PRIMATES,Macaca_fascicularis,0,2100,"10, 11, 12, 20, 30, 40, 50, 60, 61, 62, 70, 71, 72, 80, 81, 82, 90, 100, 110, 160, 170, 180"
PRIMATES,Macaca_fuscata,0,8000,"30, 40, 50, 60, 61, 62, 90, 100, 110"
PRIMATES,Macaca_leonina,0,2100,"30, 40, 50, 60, 61, 62, 70, 71, 72, 80, 81, 82, 90, 100, 110, 160"
PRIMATES,Macaca_mulatta,0,2100,"10, 11, 12, 20, 30, 40, 50, 60, 61, 62, 70, 71, 72, 80, 81, 82, 90, 100, 110, 120, 121, 122, 130, 170, 190"
PRIMATES,Macaca_nemestrina,0,2000,"10, 11, 12, 20, 30, 40, 50, 60, 61, 62, 70, 71, 72, 80, 81, 82, 90, 100, 110, 160, 170"
PRIMATES,Macaca_nigra,0,8000,"10, 11, 12, 20, 30, 40, 50, 60, 61, 62, 70, 71, 72, 80, 81, 82, 90, 100, 110"
PRIMATES,Macaca_radiata,0,2200,"10, 11, 12, 20, 30, 40, 50, 60, 61, 62, 70, 71, 72, 80, 81, 82, 90, 100, 110, 120, 121, 122, 130, 190"
PRIMATES,Macaca_silenus,0,1900,"10, 11, 12, 20, 30, 40, 50, 60, 61, 62, 70, 71, 72, 80, 81, 82, 90, 100, 110"
PRIMATES,Macaca_sinica,0,2200,"10, 11, 12, 20, 30, 40, 50, 60, 61, 62, 70, 71, 72, 80, 81, 82, 90, 100, 110"
PRIMATES,Macaca_sylvanus,0,2700,"30, 40, 50, 60, 61, 62, 70, 71, 72, 80, 81, 82, 90, 100, 110, 120, 121, 122, 140, 200, 201, 202"
PRIMATES,Mandrillus_leucophaeus,0,2100,"30, 40, 50, 60, 61, 62, 90, 100, 110, 130, 140, 200, 201, 202"
PRIMATES,Mandrillus_sphinx,0,8000,"30, 40, 50, 60, 61, 62, 90, 100, 110"
PRIMATES,Pan_troglodytes,0,3000,"30, 40, 50, 60, 61, 62, 70, 71, 72, 80, 81, 82, 90, 100, 110"
PRIMATES,Papio_anubis,0,3900,"30, 40, 50, 60, 61, 62, 70, 71, 72, 80, 81, 82, 90, 100, 110, 120, 121, 122, 130"
PRIMATES,Papio_cynocephalus,0,2000,"30, 40, 50, 60, 61, 62, 70, 71, 72, 80, 81, 82, 90, 100, 110, 120, 121, 122, 130, 170"
PRIMATES,Papio_hamadryas,0,3400,"30, 40, 110, 120, 121, 122, 130, 140, 200, 201, 202"
PRIMATES,Papio_papio,0,1100,"30, 40, 50, 60, 61, 62, 90, 100, 110, 130"
PRIMATES,Papio_ursinus,0,3100,"30, 40, 50, 60, 61, 62, 90, 100, 110, 120, 121, 122, 130, 140, 150, 152, 153, 200, 201, 202"
PRIMATES,Pithecia_irrorata,0,8000,"30, 40, 50, 60, 61, 62, 90, 100, 110"
PRIMATES,Pithecia_pithecia,0,8000,"30, 40, 50, 60, 61, 62, 70, 71, 72, 80, 81, 82, 90, 100, 110, 160"
PRIMATES,Pongo_pygmaeus,0,600,"30, 40, 50, 60, 61, 62, 90, 100, 110"
PRIMATES,Saguinus_geoffroyi,0,1100,"30, 40, 50, 60, 61, 62, 90, 100, 110"
PRIMATES,Saguinus_imperator,0,8000,"30, 40, 50, 60, 61, 62, 90, 100, 110, 160"
PRIMATES,Saguinus_midas,0,8000,"30, 40, 50, 60, 61, 62, 70, 71, 72, 80, 81, 82, 90, 100, 110, 130"
PRIMATES,Saguinus_mystax,0,8000,"30, 40, 50, 60, 61, 62, 90, 100, 110, 160"
PRIMATES,Saimiri_boliviensis,0,600,"30, 40, 50, 60, 61, 62, 90, 100, 110, 160"
PRIMATES,Saimiri_sciureus,0,8000,"30, 40, 50, 60, 61, 62, 90, 100, 110, 160"
PRIMATES,Semnopithecus_entellus,0,500,"10, 11, 12, 20, 30, 40, 50, 60, 61, 62, 90, 100, 110, 120, 121, 122, 130, 160, 170, 190"
PRIMATES,Trachypithecus_cristatus,0,8000,"10, 11, 12, 20, 30, 40, 50, 60, 61, 62, 70, 71, 72, 80, 81, 82, 90, 100, 110, 160, 170"
PRIMATES,Varecia_rubra,0,1300,"30, 40, 50, 60, 61, 62, 90, 100, 110"
PRIMATES,Varecia_variegata,0,1400,"30, 40, 50, 60, 61, 62, 70, 71, 72, 80, 81, 82, 90, 100, 110"
PROBOSCIDEA,Elephas_maximus,0,3100,"10, 11, 12, 20, 30, 40, 50, 60, 61, 62, 70, 71, 72, 80, 81, 82, 90, 100, 110, 120, 121, 122, 130, 180"
PROBOSCIDEA,Loxodonta_africana,0,5000,"10, 11, 12, 20, 30, 40, 50, 60, 61, 62, 70, 71, 72, 80, 81, 82, 90, 100, 110, 120, 121, 122, 130, 150, 152, 153, 160, 170, 180, 200, 201, 202"
RODENTIA,Abrothrix_olivacea,-500,8500,"10, 11, 12, 20, 30, 40, 50, 60, 61, 62, 70, 71, 72, 80, 81, 82, 90, 100, 110, 120, 121, 122, 130, 140, 180, 200, 201, 202"
RODENTIA,Acomys_cahirinus,0,8000,"10, 11, 12, 20, 30, 40, 110, 120, 121, 122, 140, 200, 201, 202"
RODENTIA,Acomys_dimidiatus,200,1300,"10, 11, 12, 20, 30, 40, 50, 60, 61, 62, 90, 100, 110, 120, 121, 122, 130, 140, 150, 152, 153, 190, 200, 201, 202"
RODENTIA,Akodon_azarae,0,8000,"30, 40, 50, 60, 61, 62, 90, 100, 110, 120, 121, 122"
RODENTIA,Akodon_cursor,0,8000,"30, 40, 50, 60, 61, 62, 90, 100, 110"
RODENTIA,Akodon_montensis,0,8000,"30, 40, 50, 60, 61, 62, 90, 100, 110, 130"
RODENTIA,Akodon_paranaensis,0,8000,"30, 40, 50, 60, 61, 62, 70, 71, 72, 80, 81, 82, 90, 100, 110"
RODENTIA,Castoria_angustidens,-500,8500,NA
RODENTIA,Akodon_simulator,600,2500,"30, 40, 50, 60, 61, 62, 70, 71, 72, 80, 81, 82, 90, 100, 110, 120, 121, 122, 130"
RODENTIA,Akodon_toba,0,8000,"30, 40, 110, 120, 121, 122"
RODENTIA,Akodon_varius,300,3300,"30, 40, 50, 60, 61, 62, 70, 71, 72, 80, 81, 82, 90, 100, 110, 120, 121, 122"
RODENTIA,Orientallactaga_sibirica,-500,8500,NA
RODENTIA,Apodemus_agrarius,0,1800,"10, 11, 12, 20, 30, 40, 50, 60, 61, 62, 70, 71, 72, 80, 81, 82, 90, 100, 110, 130, 180, 190"
RODENTIA,Apodemus_argenteus,0,2600,"30, 40, 50, 60, 61, 62, 70, 71, 72, 80, 81, 82, 90, 100, 110"
RODENTIA,Apodemus_flavicollis,0,1900,"30, 40, 50, 60, 61, 62, 70, 71, 72, 80, 81, 82, 90, 100, 110, 120, 121, 122"
RODENTIA,Apodemus_mystacinus,0,2800,"10, 11, 12, 20, 30, 40, 50, 60, 61, 62, 70, 71, 72, 80, 81, 82, 90, 100, 110, 140, 200, 201, 202"
RODENTIA,Apodemus_pallipes,1400,4100,"30, 40, 50, 60, 61, 62, 70, 71, 72, 80, 81, 82, 90, 100, 110"
RODENTIA,Apodemus_peninsulae,0,8000,"10, 11, 12, 20, 30, 40, 50, 60, 61, 62, 70, 71, 72, 80, 81, 82, 90, 100, 110, 120, 121, 122, 130, 180"
RODENTIA,Apodemus_ponticus,0,8000,"10, 11, 12, 20, 30, 40, 50, 60, 61, 62, 70, 71, 72, 80, 81, 82, 90, 100, 110, 120, 121, 122, 130"
RODENTIA,Apodemus_speciosus,0,8000,"10, 11, 12, 20, 30, 40, 50, 60, 61, 62, 70, 71, 72, 80, 81, 82, 90, 100, 110, 130"
RODENTIA,Apodemus_sylvaticus,0,3400,"10, 11, 12, 20, 30, 40, 50, 60, 61, 62, 70, 71, 72, 80, 81, 82, 90, 100, 110, 120, 121, 122, 130, 190"
RODENTIA,Apodemus_uralensis,-500,8000,"10, 11, 12, 20, 30, 40, 50, 60, 61, 62, 70, 71, 72, 80, 81, 82, 90, 100, 110, 130"
RODENTIA,Apodemus_witherbyi,0,2200,"30, 40, 110, 120, 121, 122"
RODENTIA,Arvicanthis_neumanni,300,1600,"30, 40, 60, 61, 62, 100, 110, 120, 121, 122, 130"
RODENTIA,Arvicanthis_niloticus,0,2100,"10, 11, 12, 20, 30, 40, 60, 61, 62, 100, 110, 120, 121, 122, 130, 190"
RODENTIA,Arvicola_amphibius,0,8000,"10, 11, 12, 20, 30, 40, 50, 60, 61, 62, 70, 71, 72, 80, 81, 82, 90, 100, 110, 130, 180, 210"
RODENTIA,Atherurus_africanus,0,3100,"10, 11, 12, 20, 30, 40, 50, 60, 61, 62, 70, 71, 72, 80, 81, 82, 90, 100, 110"
RODENTIA,Baiomys_taylori,0,2500,"30, 40, 50, 60, 61, 62, 70, 71, 72, 80, 81, 82, 90, 100, 110, 120, 121, 122, 130, 150, 152, 153, 200, 201, 202"
RODENTIA,Bandicota_bengalensis,0,3600,"10, 11, 12, 20, 30, 40, 50, 60, 61, 62, 70, 71, 72, 80, 81, 82, 90, 100, 110, 120, 121, 122, 130, 160, 170, 180, 190"
RODENTIA,Bandicota_indica,0,1600,"10, 11, 12, 20, 30, 40, 100, 110, 120, 121, 122, 130, 180, 190, 210"
RODENTIA,Bandicota_savilei,0,8000,"10, 11, 12, 20, 30, 40, 100, 110"
RODENTIA,Bibimys_chacoensis,0,8000,"30, 40, 110, 120, 121, 122"
RODENTIA,Callosciurus_prevostii,0,8000,"10, 11, 12, 20, 30, 40, 50, 60, 61, 62, 90, 100, 110"
RODENTIA,Calomys_callidus,0,8000,"30, 40, 110, 120, 121, 122"
RODENTIA,Calomys_callosus,0,2100,"10, 11, 12, 20, 30, 40, 100, 110, 120, 121, 122, 130, 180"
RODENTIA,Calomys_laucha,0,8000,"10, 11, 12, 20, 30, 40, 50, 60, 61, 62, 90, 100, 110, 120, 121, 122, 130"
RODENTIA,Calomys_musculinus,1400,4100,"10, 11, 12, 20, 30, 40, 110, 120, 121, 122"
RODENTIA,Calomys_tener,0,8000,"10, 11, 12, 20, 30, 40, 100, 110, 120, 121, 122, 130, 190"
RODENTIA,Cannomys_badius,0,8000,"10, 11, 12, 20, 30, 40, 50, 60, 61, 62, 70, 71, 72, 80, 81, 82, 90, 100, 110"
RODENTIA,Castor_canadensis,0,8000,"30, 40, 50, 60, 61, 62, 70, 71, 72, 80, 81, 82, 90, 100, 110, 210"
RODENTIA,Castor_fiber,0,900,"10, 11, 12, 20, 30, 40, 50, 60, 61, 62, 70, 71, 72, 80, 81, 82, 90, 100, 110, 120, 121, 122, 190, 210"
RODENTIA,Cavia_aperea,-500,8000,"30, 40, 60, 61, 62, 100, 110, 130, 140, 200, 201, 202"
RODENTIA,Chaetomys_subspinosus,0,8000,"30, 40, 50, 60, 61, 62, 70, 71, 72, 80, 81, 82, 90, 100, 110"
RODENTIA,Chinchilla_chinchilla,3400,5500,"30, 40, 110, 130, 140, 200, 201, 202"
RODENTIA,Chinchilla_lanigera,300,1700,"30, 40, 110, 120, 121, 122, 140, 200, 201, 202"
RODENTIA,Chionomys_roberti,0,3300,"30, 40, 50, 60, 61, 62, 70, 71, 72, 80, 81, 82, 90, 100, 110"
RODENTIA,Coendou_prehensilis,0,8000,"30, 40, 50, 60, 61, 62, 70, 71, 72, 80, 81, 82, 90, 100, 110"
RODENTIA,Cricetomys_emini,0,3600,"30, 40, 50, 60, 61, 62, 70, 71, 72, 80, 81, 82, 90, 100, 110"
RODENTIA,Cricetomys_gambianus,0,2100,"10, 11, 12, 20, 30, 40, 50, 60, 61, 62, 70, 71, 72, 80, 81, 82, 90, 100, 110, 130, 190"
RODENTIA,Cricetulus_barabensis,0,8000,"10, 11, 12, 20, 30, 40, 110, 120, 121, 122, 130"
RODENTIA,Cricetus_cricetus,0,8000,"10, 11, 12, 20, 30, 40, 110, 120, 121, 122, 130"
RODENTIA,Ctenodactylus_gundi,100,3000,"30, 40, 110, 120, 121, 122, 140, 200, 201, 202"
RODENTIA,Cuniculus_paca,0,8000,"30, 40, 50, 60, 61, 62, 90, 100, 110"
RODENTIA,Cuniculus_taczanowskii,1400,3800,"30, 40, 50, 60, 61, 62, 70, 71, 72, 80, 81, 82, 90, 100, 110"
RODENTIA,Cynomys_ludovicianus,0,8000,"10, 11, 12, 20, 30, 40, 60, 61, 62, 100, 110, 130, 150, 152, 153, 200, 201, 202"
RODENTIA,Dasyprocta_leporina,0,8000,"30, 40, 50, 60, 61, 62, 90, 100, 110"
RODENTIA,Dasyprocta_mexicana,0,600,"30, 40, 50, 60, 61, 62, 90, 100, 110"
RODENTIA,Dasyprocta_prymnolopha,0,8000,"30, 40, 60, 61, 62, 100, 110, 130"
RODENTIA,Diplothrix_legata,0,8000,"30, 40, 50, 60, 61, 62, 70, 71, 72, 80, 81, 82, 90, 100, 110"
RODENTIA,Gerbillus_campestris,0,8000,"10, 11, 12, 20, 30, 40, 140, 150, 152, 153, 200, 201, 202"
RODENTIA,Dipus_sagitta,0,8000,"30, 40, 110, 120, 121, 122, 150, 152, 153, 200, 201, 202"
RODENTIA,Dolichotis_patagonum,0,1300,"30, 40, 50, 60, 61, 62, 90, 100, 110, 120, 121, 122, 130"
RODENTIA,Eliomys_quercinus,0,2100,"10, 11, 12, 20, 30, 40, 50, 60, 61, 62, 70, 71, 72, 80, 81, 82, 90, 100, 110, 140, 200, 201, 202"
RODENTIA,Eothenomys_melanogaster,600,3100,"10, 11, 12, 20, 30, 40, 50, 60, 61, 62, 70, 71, 72, 80, 81, 82, 90, 100, 110, 120, 121, 122, 130"
RODENTIA,Gerbillus_nanus,0,8000,"10, 11, 12, 20, 30, 40, 60, 61, 62, 100, 110, 120, 121, 122, 130, 150, 152, 153, 200, 201, 202"
RODENTIA,Gerbillus_occiduus,0,8000,NA
RODENTIA,Gerbillus_pyramidum,0,8000,"10, 11, 12, 20, 30, 40, 110, 120, 121, 122, 150, 152, 153, 200, 201, 202"
RODENTIA,Glaucomys_sabrinus,0,8000,"30, 40, 50, 60, 61, 62, 70, 71, 72, 80, 81, 82, 90, 100, 110"
RODENTIA,Glaucomys_volans,0,8000,"30, 40, 50, 60, 61, 62, 70, 71, 72, 80, 81, 82, 90, 100, 110"
RODENTIA,Glis_glis,0,2100,"10, 11, 12, 20, 30, 40, 50, 60, 61, 62, 70, 71, 72, 80, 81, 82, 90, 100, 110, 120, 121, 122"
RODENTIA,Graomys_griseoflavus,0,3600,"30, 40, 110, 120, 121, 122"
RODENTIA,Heteromys_anomalus,1400,1700,"10, 11, 12, 20, 30, 40, 50, 60, 61, 62, 70, 71, 72, 80, 81, 82, 90, 100, 110"
RODENTIA,Heteromys_desmarestianus,0,2500,"30, 40, 50, 60, 61, 62, 70, 71, 72, 80, 81, 82, 90, 100, 110"
RODENTIA,Heteromys_gaumeri,0,8000,"30, 40, 50, 60, 61, 62, 90, 100, 110"
RODENTIA,Holochilus_sciureus,0,8000,"30, 40, 110, 180"
RODENTIA,Hystrix_cristata,0,3600,"10, 11, 12, 20, 30, 40, 50, 60, 61, 62, 90, 100, 110, 120, 121, 122, 130, 140, 200, 201, 202"
RODENTIA,Lemniscomys_striatus,0,1800,"10, 11, 12, 20, 30, 40, 50, 60, 61, 62, 90, 100, 110, 120, 121, 122, 130"
RODENTIA,Leopoldamys_edwardsi,0,1500,"30, 40, 50, 60, 61, 62, 70, 71, 72, 80, 81, 82, 90, 100, 110"
RODENTIA,Heteromys_irroratus,-500,8500,"30, 40, 110, 120, 121, 122"
RODENTIA,Lophuromys_flavopunctatus,200,4600,"30, 40, 50, 60, 61, 62, 70, 71, 72, 80, 81, 82, 90, 100, 110, 130"
RODENTIA,Lophuromys_sikapusi,0,1700,"10, 11, 12, 20, 30, 40, 50, 60, 61, 62, 90, 100, 110, 180"
RODENTIA,Loxodontomys_micropus,0,3100,"30, 40, 110, 120, 121, 122"
RODENTIA,Marmota_flaviventris,-500,8500,"10, 11, 12, 20, 30, 40, 50, 60, 61, 62, 70, 71, 72, 80, 81, 82, 90, 100, 110, 120, 121, 122, 130, 140, 150, 152, 153, 200, 201, 202"
RODENTIA,Marmota_himalayana,3400,5300,"10, 11, 12, 20, 30, 40, 110, 120, 121, 122, 130, 140, 150, 152, 153, 200, 201, 202"
RODENTIA,Marmota_monax,0,8000,"10, 11, 12, 20, 30, 40, 50, 60, 61, 62, 70, 71, 72, 80, 81, 82, 90, 100, 110, 130"
RODENTIA,Marmota_sibirica,0,3900,"30, 40, 110, 120, 121, 122, 130"
RODENTIA,Mastomys_erythroleucus,0,1600,"10, 11, 12, 20, 30, 40, 50, 60, 61, 62, 90, 100, 110, 120, 121, 122, 130, 190"
RODENTIA,Mastomys_huberti,0,8000,"10, 11, 12, 20, 30, 40, 60, 61, 62, 100, 110, 130, 180, 190"
RODENTIA,Mastomys_natalensis,0,8000,"10, 11, 12, 20, 30, 40, 60, 61, 62, 100, 110, 120, 121, 122, 130, 190"
RODENTIA,Megadontomys_thomasi,-500,8000,"30, 40, 50, 60, 61, 62, 70, 71, 72, 80, 81, 82, 90, 100, 110"
RODENTIA,Meriones_crassus,0,8000,"150, 152, 153, 200, 201, 202"
RODENTIA,Meriones_hurrianae,0,400,"30, 40, 60, 61, 62, 100, 110, 120, 121, 122, 130, 150, 152, 153, 200, 201, 202"
RODENTIA,Meriones_libycus,0,1800,"10, 11, 12, 20, 30, 40, 110, 120, 121, 122, 150, 152, 153, 200, 201, 202"
RODENTIA,Meriones_meridianus,0,8000,"30, 40, 110, 120, 121, 122, 150, 152, 153, 200, 201, 202"
RODENTIA,Meriones_persicus,0,3300,"30, 40, 110, 120, 121, 122, 130, 140, 200, 201, 202"
RODENTIA,Meriones_sacramenti,0,8000,"10, 11, 12, 20, 30, 40, 110, 120, 121, 122, 130, 150, 152, 153, 200, 201, 202"
RODENTIA,Meriones_shawii,-500,8500,"10, 11, 12, 20, 30, 40, 60, 61, 62, 100, 110, 120, 121, 122, 130, 140, 150, 152, 153, 200, 201, 202"
RODENTIA,Meriones_tristrami,0,8000,"10, 11, 12, 20, 30, 40, 110, 120, 121, 122, 150, 152, 153, 200, 201, 202"
RODENTIA,Meriones_unguiculatus,0,8000,"30, 40, 110, 120, 121, 122, 130, 150, 152, 153, 200, 201, 202"
RODENTIA,Meriones_vinogradovi,0,8000,"30, 40, 110, 120, 121, 122, 140, 200, 201, 202"
RODENTIA,Mesocricetus_auratus,200,500,"10, 11, 12, 20, 30, 40"
RODENTIA,Mesocricetus_brandti,0,2700,"10, 11, 12, 20, 30, 40, 110, 120, 121, 122, 130"
RODENTIA,Micaelamys_namaquensis,-500,8500,"10, 11, 12, 20, 30, 40, 50, 60, 61, 62, 70, 71, 72, 80, 81, 82, 90, 100, 110, 120, 121, 122, 130, 140, 150, 152, 153, 190, 200, 201, 202"
RODENTIA,Micromys_minutus,0,8000,"10, 11, 12, 20, 30, 40, 50, 60, 61, 62, 70, 71, 72, 80, 81, 82, 90, 100, 110, 120, 121, 122, 130, 180"
RODENTIA,Microsciurus_alfari,0,2700,"30, 40, 50, 60, 61, 62, 70, 71, 72, 80, 81, 82, 90, 100, 110"
RODENTIA,Microsciurus_flaviventer,100,1500,"30, 40, 50, 60, 61, 62, 70, 71, 72, 80, 81, 82, 90, 100, 110"
RODENTIA,Microsciurus_mimulus,700,1700,"30, 40, 50, 60, 61, 62, 70, 71, 72, 80, 81, 82, 90, 100, 110"
RODENTIA,Microsciurus_santanderensis,-500,8500,NA
RODENTIA,Microtus_agrestis,0,2200,"10, 11, 12, 20, 30, 40, 50, 60, 61, 62, 70, 71, 72, 80, 81, 82, 90, 100, 110, 120, 121, 122, 130, 180"
RODENTIA,Microtus_arvalis,0,2700,"10, 11, 12, 20, 30, 40, 50, 60, 61, 62, 70, 71, 72, 80, 81, 82, 90, 100, 110, 120, 121, 122, 130"
RODENTIA,Microtus_californicus,0,8000,"30, 40, 110, 130, 150, 152, 153, 180, 200, 201, 202"
RODENTIA,Microtus_duodecimcostatus,0,2300,"10, 11, 12, 20, 30, 40, 110, 120, 121, 122"
RODENTIA,Alexandromys_fortis,-500,8500,NA
RODENTIA,Microtus_guentheri,100,600,"10, 11, 12, 20, 30, 40, 110, 120, 121, 122, 130, 180"
RODENTIA,Microtus_ilaeus,0,8000,"30, 40, 50, 60, 61, 62, 70, 71, 72, 80, 81, 82, 90, 100, 110, 120, 121, 122, 130"
RODENTIA,Microtus_mystacinus,-500,8500,"10, 11, 12, 20, 30, 40, 50, 60, 61, 62, 70, 71, 72, 80, 81, 82, 90, 100, 110, 120, 121, 122, 130, 140, 150, 152, 153, 180, 190, 200, 201, 202, 210"
RODENTIA,Alexandromys_maximowiczii,-500,8500,NA
RODENTIA,Alexandromys_montebelli,-500,8500,NA
RODENTIA,Microtus_ochrogaster,0,8000,"10, 11, 12, 20, 30, 40, 60, 61, 62, 100, 110, 120, 121, 122, 130"
RODENTIA,Alexandromys_oeconomus,-500,8500,NA
RODENTIA,Microtus_pennsylvanicus,0,8000,"10, 11, 12, 20, 30, 40, 50, 60, 61, 62, 70, 71, 72, 80, 81, 82, 90, 100, 110, 120, 121, 122, 130, 180"
RODENTIA,Microtus_subterraneus,0,2400,"10, 11, 12, 20, 30, 40, 50, 60, 61, 62, 70, 71, 72, 80, 81, 82, 90, 100, 110, 120, 121, 122, 140, 200, 201, 202"
RODENTIA,Microtus_transcaspicus,0,8000,"30, 40, 110, 130"
RODENTIA,Mus_musculus,0,2100,"10, 11, 12, 20, 30, 40, 100, 110, 120, 121, 122, 130, 180, 190"
RODENTIA,Mus_setulosus,400,2400,"30, 40, 50, 60, 61, 62, 90, 100, 110, 130"
RODENTIA,Mus_spicilegus,0,300,"10, 11, 12, 20, 30, 40, 110, 130"
RODENTIA,Mus_spretus,0,1900,"10, 11, 12, 20, 30, 40, 50, 60, 61, 62, 70, 71, 72, 80, 81, 82, 90, 100, 110, 120, 121, 122, 130"
RODENTIA,Myocastor_coypus,0,1300,180
RODENTIA,Clethrionomys_centralis,1200,3000,"30, 40, 50, 60, 61, 62, 70, 71, 72, 80, 81, 82, 90, 100, 110"
RODENTIA,Clethrionomys_gapperi,0,8000,"30, 40, 50, 60, 61, 62, 70, 71, 72, 80, 81, 82, 90, 100, 110, 140, 200, 201, 202"
RODENTIA,Clethrionomys_glareolus,0,2500,"30, 40, 50, 60, 61, 62, 70, 71, 72, 80, 81, 82, 90, 100, 110, 120, 121, 122"
RODENTIA,Craseomys_regulus,-500,8500,NA
RODENTIA,Clethrionomys_rutilus,0,8000,"30, 40, 50, 60, 61, 62, 70, 71, 72, 80, 81, 82, 90, 100, 110, 130"
RODENTIA,Neacomys_spinosus,0,2600,"10, 11, 12, 20, 30, 40, 50, 60, 61, 62, 90, 100, 110"
RODENTIA,Necromys_lasiurus,0,8000,"30, 40, 50, 60, 61, 62, 90, 100, 110, 130"
RODENTIA,Necromys_lenguarum,NA,NA,NA
RODENTIA,Nectomys_rattus,0,8000,"10, 11, 12, 20, 30, 40, 50, 60, 61, 62, 90, 100, 110, 120, 121, 122, 130"
RODENTIA,Nectomys_squamipes,0,8000,180
RODENTIA,Neotoma_albigula,0,8000,"30, 40, 50, 60, 61, 62, 70, 71, 72, 80, 81, 82, 90, 100, 110, 120, 121, 122, 140, 150, 152, 153, 200, 201, 202"
RODENTIA,Neotoma_cinerea,0,8000,"30, 40, 50, 60, 61, 62, 70, 71, 72, 80, 81, 82, 90, 100, 110, 120, 121, 122, 140, 150, 152, 153, 200, 201, 202"
RODENTIA,Neotoma_fuscipes,0,8000,"30, 40, 50, 60, 61, 62, 70, 71, 72, 80, 81, 82, 90, 100, 110, 120, 121, 122"
RODENTIA,Neotoma_lepida,0,8000,"30, 40, 110, 120, 121, 122, 150, 152, 153, 200, 201, 202"
RODENTIA,Neotoma_macrotis,0,8000,"30, 40, 50, 60, 61, 62, 70, 71, 72, 80, 81, 82, 90, 100, 110, 120, 121, 122, 150, 152, 153, 200, 201, 202"
RODENTIA,Neotoma_magister,0,8000,"30, 40, 50, 60, 61, 62, 70, 71, 72, 80, 81, 82, 90, 100, 110, 140, 200, 201, 202"
RODENTIA,Neotoma_mexicana,1000,4100,"30, 40, 50, 60, 61, 62, 70, 71, 72, 80, 81, 82, 90, 100, 110, 140, 200, 201, 202"
RODENTIA,Neotoma_micropus,0,8000,"30, 40, 110, 120, 121, 122"
RODENTIA,Nesokia_indica,0,1700,"10, 11, 12, 20, 30, 40, 50, 60, 61, 62, 90, 100, 110, 120, 121, 122, 130"
RODENTIA,Niviventer_confucianus,100,4100,"10, 11, 12, 20, 30, 40, 50, 60, 61, 62, 70, 71, 72, 80, 81, 82, 90, 100, 110"
RODENTIA,Niviventer_niviventer,0,3700,"30, 40, 50, 60, 61, 62, 70, 71, 72, 80, 81, 82, 90, 100, 110"
RODENTIA,Nyctomys_sumichrasti,0,1900,"30, 40, 50, 60, 61, 62, 90, 100, 110"
RODENTIA,Octodon_degus,0,2100,"30, 40, 110, 120, 121, 122"
RODENTIA,Oligoryzomys_chacoensis,0,8000,"30, 40, 110, 120, 121, 122, 130"
RODENTIA,Oligoryzomys_flavescens,0,8000,"30, 40, 110, 120, 121, 122, 130, 180"
RODENTIA,Oligoryzomys_fulvescens,0,2100,"30, 40, 50, 60, 61, 62, 90, 100, 110"
RODENTIA,Oligoryzomys_longicaudatus,0,2100,"30, 40, 50, 60, 61, 62, 70, 71, 72, 80, 81, 82, 90, 100, 110, 120, 121, 122, 130"
RODENTIA,Oligoryzomys_microtis,0,8000,"30, 40, 50, 60, 61, 62, 90, 100, 110"
RODENTIA,Oligoryzomys_nigripes,0,8000,"30, 40, 50, 60, 61, 62, 70, 71, 72, 80, 81, 82, 90, 100, 110, 120, 121, 122, 130"
RODENTIA,Ondatra_zibethicus,0,8000,"180, 210"
RODENTIA,Sooretamys_angouya,0,8000,"30, 40, 50, 60, 61, 62, 90, 100, 110, 130"
RODENTIA,Hylaeamys_megacephalus,0,8000,"30, 40, 50, 60, 61, 62, 90, 100, 110"
RODENTIA,Handleyomys_melanotis,0,8000,"30, 40, 50, 60, 61, 62, 90, 100, 110"
RODENTIA,Euryoryzomys_nitidus,0,8000,"30, 40, 50, 60, 61, 62, 70, 71, 72, 80, 81, 82, 90, 100, 110"
RODENTIA,Oryzomys_palustris,0,8000,"10, 11, 12, 20, 30, 40, 110, 130, 180"
RODENTIA,Cerradomys_subflavus,0,8000,"10, 11, 12, 20, 30, 40, 50, 60, 61, 62, 90, 100, 110"
RODENTIA,Ototylomys_phyllotis,0,2000,"30, 40, 50, 60, 61, 62, 70, 71, 72, 80, 81, 82, 90, 100, 110"
RODENTIA,Oxymycterus_nasutus,0,8000,"30, 40, 110, 180"
RODENTIA,Peromyscus_aztecus,400,3300,"10, 11, 12, 20, 30, 40, 50, 60, 61, 62, 70, 71, 72, 80, 81, 82, 90, 100, 110"
RODENTIA,Peromyscus_beatae,0,8000,"30, 40, 50, 60, 61, 62, 70, 71, 72, 80, 81, 82, 90, 100, 110"
RODENTIA,Peromyscus_boylii,1900,8000,"30, 40, 50, 60, 61, 62, 70, 71, 72, 80, 81, 82, 90, 100, 110, 120, 121, 122, 140, 150, 152, 153, 200, 201, 202"
RODENTIA,Peromyscus_eremicus,0,2200,"30, 40, 110, 120, 121, 122, 150, 152, 153, 200, 201, 202"
RODENTIA,Peromyscus_gossypinus,0,8000,"10, 11, 12, 20, 30, 40, 50, 60, 61, 62, 70, 71, 72, 80, 81, 82, 90, 100, 110, 120, 121, 122, 130, 160, 180"
RODENTIA,Peromyscus_leucopus,0,8000,"10, 11, 12, 20, 30, 40, 50, 60, 61, 62, 70, 71, 72, 80, 81, 82, 90, 100, 110, 120, 121, 122, 130, 150, 152, 153, 200, 201, 202"
RODENTIA,Peromyscus_levipes,600,3200,"30, 40, 50, 60, 61, 62, 70, 71, 72, 80, 81, 82, 90, 100, 110, 120, 121, 122, 140, 200, 201, 202"
RODENTIA,Peromyscus_maniculatus,0,8000,"10, 11, 12, 20, 30, 40, 50, 60, 61, 62, 70, 71, 72, 80, 81, 82, 90, 100, 110, 120, 121, 122, 130, 140, 150, 152, 153, 180, 200, 201, 202"
RODENTIA,Peromyscus_megalops,1400,3100,"30, 40, 50, 60, 61, 62, 70, 71, 72, 80, 81, 82, 90, 100, 110"
RODENTIA,Peromyscus_melanotis,0,8000,"30, 40, 50, 60, 61, 62, 70, 71, 72, 80, 81, 82, 90, 100, 110, 130, 140, 200, 201, 202"
RODENTIA,Peromyscus_mexicanus,0,3100,"10, 11, 12, 20, 30, 40, 50, 60, 61, 62, 70, 71, 72, 80, 81, 82, 90, 100, 110, 120, 121, 122, 140, 200, 201, 202"
RODENTIA,Peromyscus_truei,0,2400,"30, 40, 50, 60, 61, 62, 70, 71, 72, 80, 81, 82, 90, 100, 110, 120, 121, 122, 140, 150, 152, 153, 200, 201, 202"
RODENTIA,Peromyscus_yucatanicus,0,8000,"30, 40, 50, 60, 61, 62, 90, 100, 110"
RODENTIA,Phodopus_campbelli,0,8000,"30, 40, 110, 120, 121, 122, 150, 152, 153, 200, 201, 202"
RODENTIA,Phodopus_roborovskii,0,8000,"30, 40, 110, 120, 121, 122, 150, 152, 153, 200, 201, 202"
RODENTIA,Phodopus_sungorus,0,8000,"30, 40, 110, 120, 121, 122, 150, 152, 153, 200, 201, 202"
RODENTIA,Phyllotis_darwinii,-500,8500,"10, 11, 12, 20, 30, 40, 50, 60, 61, 62, 70, 71, 72, 80, 81, 82, 90, 100, 110, 120, 121, 122, 130, 140, 150, 152, 153, 180, 190, 200, 201, 202"
RODENTIA,Praomys_daltoni,0,8000,"10, 11, 12, 20, 30, 40, 60, 61, 62, 100, 110, 130, 140, 190, 200, 201, 202"
RODENTIA,Praomys_rostratus,0,1400,"30, 40, 50, 60, 61, 62, 70, 71, 72, 80, 81, 82, 90, 100, 110"
RODENTIA,Proechimys_cuvieri,0,600,"10, 11, 12, 20, 30, 40, 50, 60, 61, 62, 90, 100, 110"
RODENTIA,Proechimys_goeldii,0,400,"10, 11, 12, 20, 30, 40, 100, 110, 160"
RODENTIA,Proechimys_guyannensis,0,600,"10, 11, 12, 20, 30, 40, 50, 60, 61, 62, 90, 100, 110"
RODENTIA,Psammomys_obesus,0,8000,"30, 40, 110, 120, 121, 122, 150, 152, 153, 200, 201, 202"
RODENTIA,Psammomys_vexillaris,0,8000,"30, 40, 110, 120, 121, 122"
RODENTIA,Pteromys_volans,0,2600,"30, 40, 50, 60, 61, 62, 70, 71, 72, 80, 81, 82, 90, 100, 110"
RODENTIA,Rattus_argentiventer,0,8000,"10, 11, 12, 20, 30, 40, 110, 180"
RODENTIA,Rattus_exulans,0,8000,"10, 11, 12, 20, 30, 40, 50, 60, 61, 62, 70, 71, 72, 80, 81, 82, 90, 100, 110, 120, 121, 122, 130, 140, 170, 190, 200, 201, 202"
RODENTIA,Rattus_fuscipes,0,8000,"30, 40, 50, 60, 61, 62, 90, 100, 110, 120, 121, 122, 130"
RODENTIA,Rattus_hoffmanni,0,8000,"10, 11, 12, 20, 30, 40, 50, 60, 61, 62, 70, 71, 72, 80, 81, 82, 90, 100, 110, 120, 121, 122"
RODENTIA,Rattus_losea,0,8000,"10, 11, 12, 20, 30, 40, 100, 110, 120, 121, 122, 170, 180"
RODENTIA,Rattus_nitidus,0,2800,"10, 11, 12, 20, 30, 40, 50, 60, 61, 62, 70, 71, 72, 80, 81, 82, 90, 100, 110, 120, 121, 122, 130, 190"
RODENTIA,Rattus_norvegicus,0,8000,"10, 11, 12, 20, 30, 40, 190"
RODENTIA,Rattus_rattus,0,2600,"10, 11, 12, 20, 30, 40, 50, 60, 61, 62, 70, 71, 72, 80, 81, 82, 90, 100, 110, 120, 121, 122, 130, 170, 180, 190"
RODENTIA,Rattus_tanezumi,0,8000,"10, 11, 12, 20, 30, 40, 50, 60, 61, 62, 70, 71, 72, 80, 81, 82, 90, 100, 110, 120, 121, 122, 130, 170, 190"
RODENTIA,Rattus_tiomanicus,0,8000,"10, 11, 12, 20, 30, 40, 50, 60, 61, 62, 70, 71, 72, 80, 81, 82, 90, 100, 110, 180"
RODENTIA,Reithrodontomys_creper,1200,3400,"30, 40, 50, 60, 61, 62, 70, 71, 72, 80, 81, 82, 90, 100, 110"
RODENTIA,Reithrodontomys_megalotis,0,4100,"10, 11, 12, 20, 30, 40, 110, 120, 121, 122, 130, 150, 152, 153, 180, 200, 201, 202"
RODENTIA,Reithrodontomys_mexicanus,800,3900,"10, 11, 12, 20, 30, 40, 50, 60, 61, 62, 70, 71, 72, 80, 81, 82, 90, 100, 110, 120, 121, 122"
RODENTIA,Reithrodontomys_sumichrasti,1100,4100,"30, 40, 50, 60, 61, 62, 70, 71, 72, 80, 81, 82, 90, 100, 110"
RODENTIA,Rhabdomys_pumilio,0,4300,"10, 11, 12, 20, 30, 40, 60, 61, 62, 100, 110, 120, 121, 122, 130, 190"
RODENTIA,Rhipidomys_leucodactylus,0,200,"30, 40, 50, 60, 61, 62, 90, 100, 110"
RODENTIA,Rhizomys_pruinosus,0,4100,"30, 40, 50, 60, 61, 62, 70, 71, 72, 80, 81, 82, 90, 100, 110, 130"
RODENTIA,Rhizomys_sinensis,1100,4100,"10, 11, 12, 20, 30, 40, 50, 60, 61, 62, 70, 71, 72, 80, 81, 82, 90, 100, 110"
RODENTIA,Rhizomys_sumatrensis,900,4100,"10, 11, 12, 20, 30, 40, 50, 60, 61, 62, 70, 71, 72, 80, 81, 82, 90, 100, 110"
RODENTIA,Rhombomys_opimus,0,8000,"10, 11, 12, 20, 30, 40, 110, 120, 121, 122, 130, 150, 152, 153, 200, 201, 202"
RODENTIA,Sciurus_carolinensis,0,8000,"10, 11, 12, 20, 30, 40, 50, 60, 61, 62, 70, 71, 72, 80, 81, 82, 90, 100, 110"
RODENTIA,Sciurus_griseus,0,8000,"30, 40, 50, 60, 61, 62, 70, 71, 72, 80, 81, 82, 90, 100, 110"
RODENTIA,Sciurus_niger,0,8000,"30, 40, 50, 60, 61, 62, 70, 71, 72, 80, 81, 82, 90, 100, 110, 170"
RODENTIA,Sciurus_variegatoides,0,1900,"10, 11, 12, 20, 30, 40, 50, 60, 61, 62, 70, 71, 72, 80, 81, 82, 90, 100, 110"
RODENTIA,Sciurus_vulgaris,0,3200,"10, 11, 12, 20, 30, 40, 50, 60, 61, 62, 70, 71, 72, 80, 81, 82, 90, 100, 110"
RODENTIA,Sigmodon_alstoni,0,8000,"30, 40, 110, 120, 121, 122, 130, 180"
RODENTIA,Sigmodon_hispidus,0,8000,"30, 40, 110, 130, 150, 152, 153, 200, 201, 202"
RODENTIA,Spermophilus_alashanicus,0,3300,"30, 40, 110, 130, 140, 150, 152, 153, 200, 201, 202"
RODENTIA,Otospermophilus_beecheyi,-500,8500,"10, 11, 12, 20, 30, 40, 110, 120, 121, 122, 130"
RODENTIA,Spermophilus_dauricus,0,8000,"30, 40, 110, 130"
RODENTIA,Callospermophilus_lateralis,1220,3965,"30, 40, 50, 60, 61, 62, 70, 71, 72, 80, 81, 82, 90, 100, 110, 120, 121, 122, 140, 200, 201, 202"
RODENTIA,Spermophilus_suslicus,0,600,"10, 11, 12, 20, 30, 40, 110, 130"
RODENTIA,Otospermophilus_variegatus,0,2900,"30, 40, 110, 120, 121, 122, 140, 190, 200, 201, 202"
RODENTIA,Neotamias_minimus,NA,NA,NA
RODENTIA,Neotamias_ochrogenys,NA,NA,NA
RODENTIA,Eutamias_sibiricus,NA,NA,NA
RODENTIA,Neotamias_sonomae,NA,NA,NA
RODENTIA,Tamias_striatus,0,8000,"10, 11, 12, 20, 30, 40, 50, 60, 61, 62, 70, 71, 72, 80, 81, 82, 90, 100, 110, 120, 121, 122, 190"
RODENTIA,Tamiasciurus_hudsonicus,0,8000,"30, 40, 50, 60, 61, 62, 70, 71, 72, 80, 81, 82, 90, 100, 110"
RODENTIA,Tatera_indica,0,2100,"10, 11, 12, 20, 30, 40, 50, 60, 61, 62, 90, 100, 110, 120, 121, 122, 130, 150, 152, 153, 200, 201, 202"
RODENTIA,Thaptomys_nigrita,0,8000,"30, 40, 50, 60, 61, 62, 90, 100, 110, 120, 121, 122, 130, 180"
RODENTIA,Tscherskia_triton,0,8000,"10, 11, 12, 20, 30, 40, 180"
RODENTIA,Tylomys_mirae,0,1200,"30, 40, 50, 60, 61, 62, 90, 100, 110"
RODENTIA,Zygodontomys_brevicauda,0,8000,"10, 11, 12, 20, 30, 40, 50, 60, 61, 62, 90, 100, 110, 130, 180"
SCANDENTIA,Tupaia_glis,0,1500,"10, 11, 12, 20, 30, 40, 50, 60, 61, 62, 90, 100, 110"
EULIPOTYPHLA,Anourosorex_squamipes,0,8000,"30, 40, 50, 60, 61, 62, 70, 71, 72, 80, 81, 82, 90, 100, 110"
EULIPOTYPHLA,Blarina_brevicauda,NA,NA,NA
EULIPOTYPHLA,Blarina_carolinensis,0,8000,"30, 40, 50, 60, 61, 62, 70, 71, 72, 80, 81, 82, 90, 100, 110, 120, 121, 122, 130, 180"
EULIPOTYPHLA,Crocidura_dsinezumi,0,1100,"10, 11, 12, 20, 30, 40, 110, 120, 121, 122, 130"
EULIPOTYPHLA,Crocidura_horsfieldii,0,2600,"30, 40, 50, 60, 61, 62, 70, 71, 72, 80, 81, 82, 90, 100, 110"
EULIPOTYPHLA,Crocidura_lasiura,0,8000,"30, 40, 110, 130"
EULIPOTYPHLA,Crocidura_russula,0,2900,"10, 11, 12, 20, 30, 40, 110, 120, 121, 122, 190"
EULIPOTYPHLA,Neomys_fodiens,0,2600,"10, 11, 12, 20, 30, 40, 50, 60, 61, 62, 70, 71, 72, 80, 81, 82, 90, 100, 110, 130, 180, 210"
EULIPOTYPHLA,Parascalops_breweri,0,8000,"10, 11, 12, 20, 30, 40, 50, 60, 61, 62, 70, 71, 72, 80, 81, 82, 90, 100, 110, 120, 121, 122, 130"
EULIPOTYPHLA,Sorex_araneus,0,2600,"10, 11, 12, 20, 30, 40, 50, 60, 61, 62, 70, 71, 72, 80, 81, 82, 90, 100, 110, 120, 121, 122, 180"
EULIPOTYPHLA,Sorex_caecutiens,0,8000,"30, 40, 50, 60, 61, 62, 70, 71, 72, 80, 81, 82, 90, 100, 110, 120, 121, 122, 180"
EULIPOTYPHLA,Sorex_cinereus,0,8000,"30, 40, 50, 60, 61, 62, 70, 71, 72, 80, 81, 82, 90, 100, 110, 120, 121, 122, 130, 180"
EULIPOTYPHLA,Sorex_minutus,0,2400,"10, 11, 12, 20, 30, 40, 50, 60, 61, 62, 70, 71, 72, 80, 81, 82, 90, 100, 110, 120, 121, 122, 130, 180"
EULIPOTYPHLA,Sorex_roboratus,0,8000,"30, 40, 50, 60, 61, 62, 70, 71, 72, 80, 81, 82, 90, 100, 110"
EULIPOTYPHLA,Suncus_murinus,0,8000,"10, 11, 12, 20, 30, 40, 50, 60, 61, 62, 70, 71, 72, 80, 81, 82, 90, 100, 110, 120, 121, 122, 130, 160, 180, 190"
EULIPOTYPHLA,Sylvisorex_ollula,200,2000,"30, 40, 50, 60, 61, 62, 90, 100, 110"
EULIPOTYPHLA,Talpa_europaea,0,2500,"10, 11, 12, 20, 30, 40, 50, 60, 61, 62, 70, 71, 72, 80, 81, 82, 90, 100, 110, 120, 121, 122, 130"
EULIPOTYPHLA,Crocidura_suaveolens,0,8000,"10, 11, 12, 20, 30, 40, 110, 120, 121, 122, 130, 140, 190, 200, 201, 202"
